placeUrl,title,rating,reviewCount,pricing,category,attributes,address,plusCode,website,phoneNumber,wednesday,thursday,friday,saturday,sunday,monday,tuesday,currentStatus,imgUrl,isClaimed,latitude,longitude,query,timestamp,info,isBlackOwned
https://www.google.com/maps/place/Whole+Foods+Market/data=!4m7!3m6!1s0x886b509420c55555:0x71cc698c09e595f6!8m2!3d39.7685067!4d-86.1515276!16s%2Fg%2F11ggr5vgpl!19sChIJVVXFIJRQa4gR9pXlCYxpzHE,Whole Foods Market,4.4,1211,$$$,Grocery store,"Eco-minded chain with natural & organic grocery items, housewares & other products (most sell wine). · In-store shopping · Curbside pickup · Delivery","320 E Market St, Indianapolis, IN 46204","QR9X+C9 Indianapolis, Indiana",https://www.wholefoodsmarket.com/stores/marketsquare?utm_source=google&utm_medium=organic&utm_campaign=listings,(317) 559-9360,8 AM–10 PM,8 AM–10 PM,8 AM–10 PM,8 AM–10 PM,8 AM–10 PM,8 AM–10 PM,8 AM–10 PM,Open now,https://lh5.googleusercontent.com/p/AF1QipPGsngiYdBi-i4d2pTZ9dvSudC7UG1EJrtyepSm=w408-h306-k-no,true,39.768562500000016,-86.15156250000001,"https://www.google.com/maps/search/food+truck/@39.8279126,-86.1981034,12.24z?entry=ttu",2023-10-12T00:43:59.991Z,,
https://www.google.com/maps/place/Mi+Lindo+P%C3%A9njamo+-+Food+Truck/data=!4m7!3m6!1s0x886b55496ec7ff1b:0x9be6d94cb4a52062!8m2!3d39.8975427!4d-86.2164525!16s%2Fg%2F11hmc4c27t!19sChIJG__HbklVa4gRYiCltEzZ5ps,Mi Lindo Pénjamo - Food Truck,4.5,26,,Taco restaurant,· Dine-in · Takeout,"7910 Michigan Rd, Indianapolis, IN 46268","VQXM+2C Indianapolis, Indiana",https://store.kahero.co/milindopenjamo,(317) 431-4439,7:30 PM–12 AM,7:30 PM–12 AM,7:30 PM–12 AM,Closed,Closed,Closed,7:30 PM–12 AM,Open now,https://lh5.googleusercontent.com/p/AF1QipM3amhiWt-l0_3BCk3VhjYpuJhGc8QJdZSNMHL1=w408-h544-k-no,true,39.89756250000001,-86.2164375,"https://www.google.com/maps/search/food+truck/@39.8279126,-86.1981034,12.24z?entry=ttu",2023-10-12T00:44:05.840Z,,
https://www.google.com/maps/place/Pico+de+Gallo+Food+Truck/data=!4m7!3m6!1s0x886b565bd7262ae7:0x4ad7e76156a0fad5!8m2!3d39.8099204!4d-86.2212091!16s%2Fg%2F11bvt1sl43!19sChIJ5yom11tWa4gR1fqgVmHn10o,Pico de Gallo Food Truck,4.5,252,,Taco restaurant,· Dine-in · Takeout · Delivery,"3014 Lafayette Rd #3000, Indianapolis, IN 46222","RQ5H+XG Indianapolis, Indiana",https://www.facebook.com/peregrino1982/,(317) 658-6970,5 PM–1 AM,5 PM–1 AM,5 PM–4 AM,5 PM–4 AM,5 PM–1 AM,Closed,Closed,Open now,https://lh5.googleusercontent.com/p/AF1QipOxsrs6uleA7Y3wnng0i6vOoi4l_VIocpX2YvBy=w408-h306-k-no,true,39.809937500000004,-86.2211875,"https://www.google.com/maps/search/food+truck/@39.8279126,-86.1981034,12.24z?entry=ttu",2023-10-12T00:44:09.877Z,,
https://www.google.com/maps/place/Antojitos+Guzman+food+truck+%231/data=!4m7!3m6!1s0x886b557aa1d8879f:0x4709f269130b65c7!8m2!3d39.8527225!4d-86.2414365!16s%2Fg%2F11rd909d4z!19sChIJn4fYoXpVa4gRx2ULE2nyCUc,Antojitos Guzman food truck #1,3.5,8,,Restaurant,· Dine-in · Drive-through · Delivery,"4853 W 56th St, Indianapolis, IN 46254","VQ35+3C Indianapolis, Indiana",https://antojitosguzmanfoodtruck1.business.site/?utm_source=gmb&utm_medium=referral,,2–9:30 PM,2–9:30 PM,2–9:30 PM,2–9:30 PM,2–9:30 PM,Closed,Closed,Closing soon,https://lh5.googleusercontent.com/p/AF1QipNKs5v5bTS_8Wg1YHKjc2-dEWA9OXKnD8wLka0s=w408-h544-k-no,true,39.85268749999999,-86.2414375,"https://www.google.com/maps/search/food+truck/@39.8279126,-86.1981034,12.24z?entry=ttu",2023-10-12T00:44:13.890Z,Identifies as Latino-owned,
https://www.google.com/maps/place/Taco+food+truck/data=!4m7!3m6!1s0x886b5361253f1b2d:0x79080e083cb9161d!8m2!3d39.8557078!4d-86.1136555!16s%2Fg%2F11v3_62dy_!19sChIJLRs_JWFTa4gRHRa5PAgOCHk,Taco food truck,,,,Taco restaurant,· Dine-in · Takeout · Delivery,"5621 N Parker Ave, Indianapolis, IN 46220","VV4P+7G Indianapolis, Indiana",,,12–10 PM,12–11 PM,12 PM–12 AM,5 PM–12 AM,Closed,12–9 PM,12–10 PM,Open now,https://streetviewpixels-pa.googleapis.com/v1/thumbnail?panoid=eUJDPlUJ5BnZY2iTxc7D4w&cb_client=search.gws-prod.gps&w=408&h=240&yaw=112.54973&pitch=0&thumbfov=100,false,39.8556875,-86.11368750000001,"https://www.google.com/maps/search/food+truck/@39.8279126,-86.1981034,12.24z?entry=ttu",2023-10-12T00:44:18.113Z,,
https://www.google.com/maps/place/El+Buenavista+Food+Truck/data=!4m7!3m6!1s0x886b4f13f27ed205:0xb5c5edafbb29b30!8m2!3d39.7608462!4d-86.0812326!16s%2Fg%2F11twqgz7vc!19sChIJBdJ-8hNPa4gRMJuy-9peXAs,El Buenavista Food Truck,5.0,9,,Mexican restaurant,· Dine-in · Drive-through · Delivery,"5210 English Ave, Indianapolis, IN 46219","QW69+8G Indianapolis, Indiana",,(317) 629-8198,1:59 PM–4:59 AM,1:59 PM–4:59 AM,1:59 PM–4:59 AM,1:59 PM–4:59 AM,1:59 PM–4:59 AM,1:59 PM–4:59 AM,1:59 PM–4:59 AM,Open now,https://lh5.googleusercontent.com/p/AF1QipM4z4p9XCYj6k-e5CTt7iuaFnLCcd7DGQZY8WQ5=w408-h544-k-no,true,39.7608125,-86.0811875,"https://www.google.com/maps/search/food+truck/@39.8279126,-86.1981034,12.24z?entry=ttu",2023-10-12T00:44:22.035Z,,
https://www.google.com/maps/place/El+Viejon+Food+Truck/data=!4m7!3m6!1s0x886b576156814059:0x471b88f4feb4ee9!8m2!3d39.8099076!4d-86.2216177!16s%2Fg%2F11twj919ly!19sChIJWUCBVmFXa4gR6U7rT4-4cQQ,El Viejon Food Truck,1.0,1,,Mexican restaurant,· Dine-in · Drive-through · Delivery,"3612 W 30th St, Indianapolis, IN 46222","RQ5H+X9 Indianapolis, Indiana",https://www.elviejonfoodtruckindy.com/,(317) 854-2999,2:30 PM–1 AM,2:30 PM–1 AM,2:30 PM–4 AM,2:30 PM–4 AM,2:30 PM–12 AM,Closed,2:30 PM–1 AM,Open now,https://streetviewpixels-pa.googleapis.com/v1/thumbnail?panoid=UfFZRNsDC48F12bR3Hj1KA&cb_client=search.gws-prod.gps&w=408&h=240&yaw=239.83913&pitch=0&thumbfov=100,true,39.809937500000004,-86.2215625,"https://www.google.com/maps/search/food+truck/@39.8279126,-86.1981034,12.24z?entry=ttu",2023-10-12T00:44:26.525Z,,
https://www.google.com/maps/place/Food+Truck+Don+Luis/data=!4m7!3m6!1s0x886b57fe69709eff:0xeb2be0dbb23ddede!8m2!3d39.8183177!4d-86.2269832!16s%2Fg%2F11m_hp53qt!19sChIJ_55waf5Xa4gR3t49stvgK-s,Food Truck Don Luis,3.0,2,,Mexican restaurant,· Dine-in · Takeout · Delivery,"3605 Commercial Dr, Indianapolis, IN 46222","RQ9F+86 Indianapolis, Indiana",http://orderfoodtruckdonluis.com/,(317) 795-5980,Closed,6 PM–12 AM,6 AM–12:30 AM,6 PM–1 AM,6 PM–12 AM,6 PM–12 AM,6 AM–12 AM,Closed today,https://streetviewpixels-pa.googleapis.com/v1/thumbnail?panoid=rInPW3RJJ9YXhnTL7Xs8fw&cb_client=search.gws-prod.gps&w=408&h=240&yaw=75.450966&pitch=0&thumbfov=100,true,39.81831250000003,-86.2269375,"https://www.google.com/maps/search/food+truck/@39.8279126,-86.1981034,12.24z?entry=ttu",2023-10-12T00:44:30.925Z,,
https://www.google.com/maps/place/KG+Slider+Station/data=!4m7!3m6!1s0x886b566c992b1b63:0x86e0fabb0bd2561!8m2!3d39.8229194!4d-86.2343624!16s%2Fg%2F11cs4g5g0s!19sChIJYxsrmWxWa4gRYSW9sKsPbgg,KG Slider Station,5.0,1,,Restaurant,· Dine-in · Takeout · Delivery,"3748 Lafayette Rd, Indianapolis, IN 46222","RQF8+57 Indianapolis, Indiana",http://www.keysgourmet.com/#!contact-us/clx0,(317) 829-4239,12–8 PM,12–8 PM,11 AM–10 PM,11 AM–10 PM,12–8 PM,12–8 PM,12–8 PM,Closed,https://streetviewpixels-pa.googleapis.com/v1/thumbnail?panoid=EZlcPh0sMLNKh5tgzSZBEw&cb_client=search.gws-prod.gps&w=408&h=240&yaw=159.16777&pitch=0&thumbfov=100,false,39.82293750000001,-86.2343125,"https://www.google.com/maps/search/food+truck/@39.8279126,-86.1981034,12.24z?entry=ttu",2023-10-12T00:44:34.822Z,,
https://www.google.com/maps/place/Oasis+Taco+Truck/data=!4m7!3m6!1s0x886b552274cd9a71:0x8e9d937baf53845e!8m2!3d39.8827228!4d-86.2083019!16s%2Fg%2F11tf57cm2p!19sChIJcZrNdCJVa4gRXoRTr3uTnY4,Oasis Taco Truck,5.0,2,,Taco restaurant,· Dine-in · Takeout,"en el parqueadero de Vision Hair salon, 7085 N Michigan Rd, Indianapolis, IN 46268","VQMR+3M Indianapolis, Indiana",https://oasis-taco-truck.business.site/?utm_source=gmb&utm_medium=referral,(317) 746-3409,Closed,8–11:30 PM,Closed,Closed,Closed,7–11 PM,Closed,Closed today,https://lh5.googleusercontent.com/p/AF1QipNRma4Qy7Ldp5YDTk4hmCWlqKA5OX0d5rd9etyN=w408-h408-k-no,true,39.88268749999999,-86.20831249999999,"https://www.google.com/maps/search/food+truck/@39.8279126,-86.1981034,12.24z?entry=ttu",2023-10-12T00:44:38.828Z,Identifies as Latino-owned,
https://www.google.com/maps/place/El+Amigo+Taqueria+Food+Truck/data=!4m7!3m6!1s0x886b57263c0594bf:0xb320a047b366dea9!8m2!3d39.7882877!4d-86.2153062!16s%2Fg%2F11p4z_xfc6!19sChIJv5QFPCZXa4gRqd5ms0egILM,El Amigo Taqueria Food Truck,4.3,14,,Mexican torta restaurant,· Dine-in · Curbside pickup · Delivery,"3356 W 16th St, Indianapolis, IN 46222","QQQM+8V Indianapolis, Indiana",,(317) 452-0422,12 PM–12 AM,12 PM–12 AM,12 PM–12 AM,12 PM–12 AM,12 PM–12 AM,12 PM–12 AM,12 PM–12 AM,Open now,https://streetviewpixels-pa.googleapis.com/v1/thumbnail?panoid=cs6jN1dy6mJtv-efGOl8pw&cb_client=search.gws-prod.gps&w=408&h=240&yaw=53.22388&pitch=0&thumbfov=100,false,39.7883125,-86.2153125,"https://www.google.com/maps/search/food+truck/@39.8279126,-86.1981034,12.24z?entry=ttu",2023-10-12T00:44:43.229Z,,
https://www.google.com/maps/place/ClusterTruck/data=!4m7!3m6!1s0x886b50c1c2f1b527:0x3422fdd599524a08!8m2!3d39.7775861!4d-86.1556021!16s%2Fg%2F11clyf073f!19sChIJJ7XxwsFQa4gRCEpSmdX9IjQ,ClusterTruck,4.8,1147,,Delivery Restaurant,· Takeout · Delivery · Dine-in,"729 N Pennsylvania St, Indianapolis, IN 46204","QRHV+2Q Indianapolis, Indiana",https://downtown-indy.clustertruck.com/menu?utm_source=google%20my%20business&utm_medium=search%20listing,(317) 732-1084,8 AM–10 PM,8 AM–10 PM,8 AM–11 PM,10 AM–11 PM,10 AM–9 PM,8 AM–10 PM,8 AM–10 PM,Open now,https://lh5.googleusercontent.com/p/AF1QipMjetIKr7iEsi0ZUTppOmMvUwSiz56i71foF6Tk=w408-h407-k-no,true,39.7775625,-86.1555625,"https://www.google.com/maps/search/food+truck/@39.8279126,-86.1981034,12.24z?entry=ttu",2023-10-12T00:44:47.768Z,,
https://www.google.com/maps/place/The+Night+Owl+Food+Truck/data=!4m7!3m6!1s0x886b51210246a345:0xf594e1bb5267c232!8m2!3d39.7616862!4d-86.1579303!16s%2Fg%2F11stb8y8sh!19sChIJRaNGAiFRa4gRMsJnUrvhlPU,The Night Owl Food Truck,5.0,9,,Restaurant,· Dine-in · Curbside pickup,"South and, S Meridian St, Indianapolis, IN 46225","QR6R+MR Indianapolis, Indiana",http://mercersnightowl.com/,(267) 207-9828,Closed,8:30 PM–2:30 AM,8:30 PM–3:30 AM,8:30 PM–3:30 AM,6 PM–1 AM,Closed,Closed,Closed today,https://lh5.googleusercontent.com/p/AF1QipPQ1tqOhO4iB6lJXFNHYI9YpS5TUsjJBekxtkz5=w408-h306-k-no,true,39.76168749999998,-86.1579375,"https://www.google.com/maps/search/food+truck/@39.8279126,-86.1981034,12.24z?entry=ttu",2023-10-12T00:44:51.573Z,,
https://www.google.com/maps/place/Kone+Heads+FoodTruck/data=!4m7!3m6!1s0x886b55b3b427e181:0x5316ab2715015b0c!8m2!3d39.88564!4d-86.211436!16s%2Fg%2F11lt46f1p5!19sChIJgeEntLNVa4gRDFsBFSerFlM,Kone Heads FoodTruck,5.0,2,,Delivery Restaurant,· Drive-through,"7260 Michigan Rd, Indianapolis, IN 46268","VQPQ+7C Indianapolis, Indiana",,(317) 506-9653,12–8 PM,12–8 PM,12–9 PM,12–9 PM,Closed,Closed,12–8 PM,Closed,https://lh5.googleusercontent.com/p/AF1QipOKKSpD0tbI33K8tjbI0ZErzbsqQHXn1fp13CWw=w408-h408-k-no,true,39.8856875,-86.2114375,"https://www.google.com/maps/search/food+truck/@39.8279126,-86.1981034,12.24z?entry=ttu",2023-10-12T00:44:55.653Z,,
https://www.google.com/maps/place/ROSE%E2%80%99S+foodtruck+Honduras/data=!4m7!3m6!1s0x886b57dc384b241d:0x59ca2062526729a9!8m2!3d39.7604686!4d-86.2247504!16s%2Fg%2F11k9fjhkqc!19sChIJHSRLONxXa4gRqSlnUmIgylk,ROSE’S foodtruck Honduras,,,,Restaurant,· Dine-in · Curbside pickup · Delivery,"3759 W Washington St, Indianapolis, IN 46241","QQ6G+53 Indianapolis, Indiana",,(317) 533-4551,6 AM–3 PM,6 AM–3 PM,6 AM–3 PM,6 AM–3 PM,Closed,6 AM–3 PM,6 AM–3 PM,Closed,https://streetviewpixels-pa.googleapis.com/v1/thumbnail?panoid=I01puyS4AO4xj4PVEp0mGw&cb_client=search.gws-prod.gps&w=408&h=240&yaw=222.78783&pitch=0&thumbfov=100,true,39.76043749999998,-86.2248125,"https://www.google.com/maps/search/food+truck/@39.8279126,-86.1981034,12.24z?entry=ttu",2023-10-12T00:44:59.579Z,,
https://www.google.com/maps/place/3+Marias+Mex+Food+Truck/data=!4m7!3m6!1s0x886b5146acb3c4cf:0x54a7f55472fff9a0!8m2!3d39.768243!4d-86.1100464!16s%2Fg%2F11sw0_z036!19sChIJz8SzrEZRa4gRoPn_clT1p1Q,3 Marias Mex Food Truck,,,,Restaurant,· Takeout · Dine-in · Delivery,"3205 E Washington St, Indianapolis, IN 46201","QV9Q+7X Indianapolis, Indiana",,(463) 206-0260,6–10 PM,6–10 PM,Closed,6–10 PM,Closed,6–10 PM,6–10 PM,Open now,https://streetviewpixels-pa.googleapis.com/v1/thumbnail?panoid=u3-rOD3rZQUuVuq_y8JkUQ&cb_client=search.gws-prod.gps&w=408&h=240&yaw=199.23535&pitch=0&thumbfov=100,true,39.768187500000025,-86.11006250000001,"https://www.google.com/maps/search/food+truck/@39.8279126,-86.1981034,12.24z?entry=ttu",2023-10-12T00:45:03.374Z,,
https://www.google.com/maps/place/Tha+Corn+Man/data=!4m7!3m6!1s0x886b510d68e53e0d:0xfdb231cda694f066!8m2!3d39.8024794!4d-86.1499432!16s%2Fg%2F11jh4nb07m!19sChIJDT7laA1Ra4gRZvCUps0xsv0,Tha Corn Man,3.8,9,$,Takeout Restaurant,· Curbside pickup · Delivery · Dine-in,"2442 Central Ave, Indianapolis, IN 46205","RV22+X2 Indianapolis, Indiana",https://tha-corn-man.ueniweb.com/?utm_campaign=gmb,(317) 360-2900,3–9 PM,3–9 PM,3–9 PM,3–9 PM,3–9 PM,3–9 PM,3–9 PM,Closing soon,https://lh3.googleusercontent.com/gps-proxy/AFm_dcSwAz40lr9pHiWhFrpMQcwyTssGapE5lQST78bT5SGJMy4ZRRuwARQmk5VnUGtj-g9eapswuY8GmMICrbe_SPw8nXAruHxOQ1MQ5TTjEO0YIMBWIF7JiPeF6zChUHg956koqYQjyDH1tafat8SW0mvC7BbRaTA8VTPmFGOFp1No2AN5XjeeFD0V=w426-h240-k-no,false,39.80243750000001,-86.14993750000001,"https://www.google.com/maps/search/food+truck/@39.8279126,-86.1981034,12.24z?entry=ttu",2023-10-12T00:45:07.667Z,LGBTQ+ friendly,true
https://www.google.com/maps/place/Fiesta+on+The+Go/data=!4m7!3m6!1s0x886b51f991eb775b:0x9a27777900be57b8!8m2!3d39.8250745!4d-86.1177613!16s%2Fg%2F11jd86kjpd!19sChIJW3frkflRa4gRuFe-AHl3J5o,Fiesta on The Go,4.0,7,$,Restaurant,· Dine-in · Takeout · Delivery,"2719 E 38th St, Indianapolis, IN 46218","RVGJ+2V Indianapolis, Indiana",,,4–10 PM,4–10 PM,4–10 PM,4–10 PM,Closed,4–10 PM,4–10 PM,Open now,https://lh5.googleusercontent.com/p/AF1QipOES4sgaMwkvfp82rbB24_642lYkOr7djVshwH3=w408-h408-k-no,false,39.825062500000016,-86.1178125,"https://www.google.com/maps/search/food+truck/@39.8279126,-86.1981034,12.24z?entry=ttu",2023-10-12T00:45:12.172Z,,
https://www.google.com/maps/place/FELIX+TACOS+TRUCK/data=!4m7!3m6!1s0x886b575f1c4f1a55:0xd1c8e6e8da43a801!8m2!3d39.764207!4d-86.211581!16s%2Fg%2F11r6fn5cny!19sChIJVRpPHF9Xa4gRAahD2ujmyNE,FELIX TACOS TRUCK,4.5,29,,Taco restaurant,· Dine-in · Takeout · Delivery,"3145 W Washington St, Indianapolis, IN 46222","QQ7Q+M9 Indianapolis, Indiana",,(347) 489-5554,5 PM–12 AM,5 PM–12 AM,5 PM–2 AM,5 PM–2 AM,5 PM–12 AM,5 PM–12 AM,5 PM–12 AM,Open now,https://lh5.googleusercontent.com/p/AF1QipOQ29lXYYwxBB2ak0e3de8advfk5cRBMzBjs2Wq=w408-h544-k-no,false,39.76418749999998,-86.21156250000001,"https://www.google.com/maps/search/food+truck/@39.8279126,-86.1981034,12.24z?entry=ttu",2023-10-12T00:45:16.012Z,,
https://www.google.com/maps/place/Tacos+El+Iturbidense/data=!4m7!3m6!1s0x886ca9872748c713:0x187a92a57564a024!8m2!3d39.779803!4d-86.273933!16s%2Fg%2F11hj2001w6!19sChIJE8dIJ4epbIgRJKBkdaWSehg,Tacos El Iturbidense,4.7,28,,Taco restaurant,· Dine-in · Takeout · Delivery,"Circle K Parking Lot, 6402 W 10th St, Indianapolis, IN 46214","QPHG+WC Indianapolis, Indiana",,(317) 603-1982,6 PM–12 AM,6 PM–12 AM,6 PM–1 AM,6 PM–1 AM,2–8 PM,Closed,Closed,Open now,https://lh3.googleusercontent.com/gps-proxy/AFm_dcQpV9Waxk5_kJmNJxAreFFW0JJ-JVIcHfSc_rv9ruWYnm4XRRGBYr9BWFFCarZTZKebZdJdTFQvh8Fs-o9S2ejIL3nUHAkUWSIH0kCjxzpWxgSAnEcritkjfZB2YRhsQ9sC412zDDIA7-ktDld2FQKQw8tFAqQEUfJxbcukCFQbxnNgnfhc4VcX5w=w426-h240-k-no,true,39.779812500000006,-86.27393749999999,"https://www.google.com/maps/search/food+truck/@39.8279126,-86.1981034,12.24z?entry=ttu",2023-10-12T00:45:20.315Z,Identifies as women-owned,
https://www.google.com/maps/place/Wild+Boar+BBQ+Food+Truck/data=!4m7!3m6!1s0x8814b3b838da90b3:0xe375db3651fdb54a!8m2!3d39.7711329!4d-86.0603883!16s%2Fg%2F11f7kjgtgl!19sChIJs5DaOLizFIgRSrX9UTbbdeM,Wild Boar BBQ Food Truck,5.0,2,,Mobile caterer,,"6129 E Washington St, Indianapolis, IN 46219","QWCQ+FR Indianapolis, Indiana",http://wildboarbbq.com/,(317) 695-8241,,,,,,,,,https://lh5.googleusercontent.com/p/AF1QipOZGGnRLdyudj0eELQbuARMvUlqVV9U5NOyHYmI=w424-h240-k-no,true,39.77118750000001,-86.0604375,"https://www.google.com/maps/search/food+truck/@39.8279126,-86.1981034,12.24z?entry=ttu",2023-10-12T00:45:24.285Z,LGBTQ+ friendly,
https://www.google.com/maps/place/TACOPOLIS+%28LA+CAPITAL+DEL+TACO%29/data=!4m7!3m6!1s0x886b57c1908ac7b5:0xca161f855a86f109!8m2!3d39.8237417!4d-86.2422862!16s%2Fg%2F11sgkvp4x_!19sChIJtceKkMFXa4gRCfGGWoUfFso,TACOPOLIS (LA CAPITAL DEL TACO),4.4,66,,Taco restaurant,· Takeout · Delivery,"4857 W 38th St, Indianapolis, IN 46254","RQF5+F3 Indianapolis, Indiana",https://www.instagram.com/tacopolisin/?hl=en,(317) 488-8724,3–11:30 PM,3–11:30 PM,2:30 PM–12 AM,2:30 PM–12:30 AM,Closed,Closed,3–11:30 PM,Open now,https://lh5.googleusercontent.com/p/AF1QipPVMAzCzNepPbDSjcfmpCdRXqfMLWvESsKnonDb=w408-h306-k-no,true,39.82368750000002,-86.24231250000001,"https://www.google.com/maps/search/food+truck/@39.8279126,-86.1981034,12.24z?entry=ttu",2023-10-12T00:45:28.273Z,LGBTQ+ friendly,
https://www.google.com/maps/place/Food+truck+Mil+Amores/data=!4m7!3m6!1s0x886b458c39cd0e85:0xb29faf106da940a3!8m2!3d39.7386158!4d-86.0821965!16s%2Fg%2F11trs3_tb1!19sChIJhQ7NOYxFa4gRo0CpbRCvn7I,Food truck Mil Amores,4.0,3,,Mexican restaurant,· Dine-in · Takeout,"5034 E Raymond St, Indianapolis, IN 46203","PWQ9+C4 Indianapolis, Indiana",,,,,,,,,,,https://streetviewpixels-pa.googleapis.com/v1/thumbnail?panoid=8D5IBybZPzc-Zx0FrsK1oA&cb_client=search.gws-prod.gps&w=408&h=240&yaw=4.082699&pitch=0&thumbfov=100,false,39.738562499999986,-86.0821875,"https://www.google.com/maps/search/food+truck/@39.8279126,-86.1981034,12.24z?entry=ttu",2023-10-12T00:45:32.911Z,,
https://www.google.com/maps/place/ClusterTruck+-+Castleton/data=!4m7!3m6!1s0x886b4df22ce4831b:0x71c6613cd987d4a0!8m2!3d39.9047946!4d-86.0896317!16s%2Fg%2F11q1phvzr6!19sChIJG4PkLPJNa4gRoNSH2TxhxnE,ClusterTruck - Castleton,4.9,144,,Delivery Restaurant,· Takeout · Delivery,"4737 E 82nd St, Indianapolis, IN 46250","WW36+W4 Indianapolis, Indiana",http://clustertruck.com/,,11 AM–9 PM,11 AM–9 PM,11 AM–9 PM,3–9 PM,Closed,11 AM–9 PM,11 AM–9 PM,Closing soon,https://lh5.googleusercontent.com/p/AF1QipPHuIcNhtdSHFW_m6wG1a_9fKof0OsA9ySr3CDQ=w408-h306-k-no,true,39.904812500000006,-86.0896875,"https://www.google.com/maps/search/food+truck/@39.8279126,-86.1981034,12.24z?entry=ttu",2023-10-12T00:45:36.971Z,,
https://www.google.com/maps/place/El+Rinconcito+Salvadore%C3%B1o+food+truck/data=!4m7!3m6!1s0x886b57382648cf99:0x69cbab4be0832071!8m2!3d39.8113723!4d-86.2229563!16s%2Fg%2F11pf5pn0jx!19sChIJmc9IJjhXa4gRcSCD4Eury2k,El Rinconcito Salvadoreño food truck,4.9,23,,Salvadoran restaurant,· Dine-in · Curbside pickup · Delivery,"3098 Lafayette Rd, Indianapolis, IN 46222","RQ6G+GR Indianapolis, Indiana",https://www.facebook.com/profile.php?id=100076273230021&mibextid=ZbWKwL,(317) 766-8910,Closed,6–11 PM,5:30 PM–12:30 AM,5:30 PM–12:30 AM,6:30–11:30 PM,6–11 PM,6–11 PM,Closed today,https://lh5.googleusercontent.com/p/AF1QipPMXX1sx6MXvlZRDhy-uxa_FL9kMTzQyLJG3R23=w408-h544-k-no,true,39.8113125,-86.2229375,"https://www.google.com/maps/search/food+truck/@39.8279126,-86.1981034,12.24z?entry=ttu",2023-10-12T00:45:41.030Z,Identifies as women-owned,
https://www.google.com/maps/place/Taqueria+la+Autentica+Mex+food+truck/data=!4m7!3m6!1s0x886b53cc8325e2e1:0xdff0de7d161d37c0!8m2!3d39.869673!4d-86.123283!16s%2Fg%2F11ks0glw38!19sChIJ4eIlg8xTa4gRwDcdFn3e8N8,Taqueria la Autentica Mex food truck,,,,Fast food restaurant,· Dine-in · Takeout,"2350 E 62nd St, Indianapolis, IN 46220","VV9G+VM Indianapolis, Indiana",,,,,,,,,,,https://streetviewpixels-pa.googleapis.com/v1/thumbnail?panoid=CQ05wm4Z3rT-xl7c2HxkFQ&cb_client=search.gws-prod.gps&w=408&h=240&yaw=328.52383&pitch=0&thumbfov=100,false,39.86968750000001,-86.1233125,"https://www.google.com/maps/search/food+truck/@39.8279126,-86.1981034,12.24z?entry=ttu",2023-10-12T00:45:45.063Z,,
https://www.google.com/maps/place/Birrieria+Iturbidense/data=!4m7!3m6!1s0x886ca7430220ca81:0xf8069a27cea6b195!8m2!3d39.7470463!4d-86.2701611!16s%2Fg%2F11q8tr9cf4!19sChIJgcogAkOnbIgRlbGmzieaBvg,Birrieria Iturbidense,4.7,86,$$,Restaurant,· Dine-in · Curbside pickup · No-contact delivery,"Lot Food Truck, 6302 W Washington St, Indianapolis, IN 46241","PPWH+RW Indianapolis, Indiana",,(317) 828-3558,6 PM–12 AM,6 PM–12 AM,6 PM–1 AM,6 PM–1 AM,6–11 PM,Closed,Closed,Open now,https://lh3.googleusercontent.com/gps-proxy/AFm_dcTebV1VWDgPfo993dvNsjVQoG8o4iw7lJyp3eBFJ-egdeR8Z6cl30iKkmq3tue1p7rAZmrzqk9vLg3zqK-5RL0WTDkPtbsexzJCQR6Wn_qH0L_DHlx61Cn_pWgJURFq3sJJPtvhfFVRzfRhlQehtW8S966LAwA6AHBCjing5V_JpMLXFB0kbifP=w426-h240-k-no,true,39.747062499999984,-86.27018749999999,"https://www.google.com/maps/search/food+truck/@39.8279126,-86.1981034,12.24z?entry=ttu",2023-10-12T00:45:49.050Z,,
https://www.google.com/maps/place/Tortas+Guicho+Food+Truck/data=!4m7!3m6!1s0x886b509c9f454eed:0xe285dd073731d216!8m2!3d39.7615107!4d-86.1490233!16s%2Fg%2F1tm0ck4d!19sChIJ7U5Fn5xQa4gRFtIxNwfdheI,Tortas Guicho Food Truck,4.5,330,$,Mexican restaurant,"Funky Mexican food truck turning out an eclectic menu of tortas, tacos & tamales. · Dine-in · Takeout · Delivery","S. East St and, Fletcher Ave, Indianapolis, IN 46204","QV62+J9 Indianapolis, Indiana",,(317) 646-2502,8 AM–2 PM,8 AM–2 PM,8 AM–2 PM,Closed,Closed,8 AM–2 PM,8 AM–2 PM,Closed,https://lh5.googleusercontent.com/p/AF1QipN94BxHfPTpngdQU65_GsvUT0uUF6BO8m4NnQ46=w408-h408-k-no,true,39.76156249999998,-86.14906250000001,"https://www.google.com/maps/search/food+truck/@39.8279126,-86.1981034,12.24z?entry=ttu",2023-10-12T00:45:53.448Z,,
https://www.google.com/maps/place/Tacos+Tierra+caliente+Restaurant/data=!4m7!3m6!1s0x886b59078f871e77:0x30bf4af27413e4e3!8m2!3d39.7543808!4d-86.2445342!16s%2Fg%2F11n671fjj8!19sChIJdx6HjwdZa4gR4-QTdPJKvzA,Tacos Tierra caliente Restaurant,4.8,118,,Mexican restaurant,· Dine-in · Takeout,"5035 W Washington St, Indianapolis, IN 46241","QQ34+Q5 Indianapolis, Indiana",http://tacostierracaliente.com/?utm_source=gmb&utm_medium=referral,(317) 515-8493,11 AM–12 AM,11 AM–12 AM,11 AM–12:59 AM,11 AM–12:59 AM,Closed,11 AM–12 AM,11 AM–11 PM,Open now,https://lh5.googleusercontent.com/p/AF1QipNnC92jNR2fKfrSnwAWOt_-gG1lWzpmi2lcQS87=w441-h240-k-no,true,39.75443750000001,-86.2445625,"https://www.google.com/maps/search/food+truck/@39.8279126,-86.1981034,12.24z?entry=ttu",2023-10-12T00:45:57.806Z,Identifies as women-owned,
https://www.google.com/maps/place/Emergency+Taco+Truck/data=!4m7!3m6!1s0x886b4f1ac4a5fc79:0x53172de4c2587761!8m2!3d39.827233!4d-86.04525!16s%2Fg%2F11g4jdbgkm!19sChIJefylxBpPa4gRYXdYwuQtF1M,Emergency Taco Truck,4.7,104,,Mexican restaurant,· Curbside pickup · No-contact delivery,"7001 Pendleton Pike, Indianapolis, IN 46226","RXG3+VW Indianapolis, Indiana",,(317) 287-9852,3–10 PM,3–10 PM,3 PM–12 AM,3 PM–12 AM,Closed,Closed,3–10 PM,Open now,https://lh5.googleusercontent.com/p/AF1QipMHEEmtOESi4ttgpKD5b0ftPmPE1X6FBHjJ_10g=w408-h544-k-no,true,39.82718750000002,-86.0451875,"https://www.google.com/maps/search/food+truck/@39.8279126,-86.1981034,12.24z?entry=ttu",2023-10-12T00:46:01.755Z,,
https://www.google.com/maps/place/Super+Tacos+food+truck/data=!4m7!3m6!1s0x886b4f95bd8d5203:0xb13bcdcae0987cd!8m2!3d39.7725451!4d-86.04035!16s%2Fg%2F11k3vs2x4q!19sChIJA1KNvZVPa4gRzYcJrty8Ews,Super Tacos food truck,4.6,17,,Taco restaurant,· Dine-in · Takeout,"7202 E Washington St, Indianapolis, IN 46219","QXF5+2V Indianapolis, Indiana",,(317) 490-2417,,,,,,,,,https://streetviewpixels-pa.googleapis.com/v1/thumbnail?panoid=Oku5qlLJCEQM7jBsr17mlg&cb_client=search.gws-prod.gps&w=408&h=240&yaw=14.059893&pitch=0&thumbfov=100,false,39.77256250000001,-86.0403125,"https://www.google.com/maps/search/food+truck/@39.8279126,-86.1981034,12.24z?entry=ttu",2023-10-12T00:46:05.689Z,,
https://www.google.com/maps/place/Fast-Taco%27s/data=!4m7!3m6!1s0x886b5444b5dd5c7f:0x93a1241a3eb6c68d!8m2!3d39.8675098!4d-86.2019607!16s%2Fg%2F11ddxfd1tz!19sChIJf1zdtURUa4gRjca2PhokoZM,Fast-Taco's,4.4,191,,Fast food restaurant,· Dine-in · Takeout · Delivery,"6154 Michigan Rd, Indianapolis, IN 46228","VQ9X+26 Indianapolis, Indiana",,(317) 701-8182,7 PM–1 AM,7 PM–1 AM,7 PM–1 AM,7 PM–3 AM,7 PM–12 AM,7 PM–1 AM,7 PM–1 AM,Open now,https://lh5.googleusercontent.com/p/AF1QipPUQymYavAP4JM49uGBfpzVVeXjh1iore_Dpgtl=w408-h272-k-no,false,39.867562500000005,-86.2019375,"https://www.google.com/maps/search/food+truck/@39.8279126,-86.1981034,12.24z?entry=ttu",2023-10-12T00:46:09.942Z,,
https://www.google.com/maps/place/Juannita%27s+Mexican+Food+Truck/data=!4m7!3m6!1s0x886b4f0edbaba28d:0xe7b5adc2b4f2d599!8m2!3d39.7966114!4d-86.0464476!16s%2Fg%2F11jt8dn7gr!19sChIJjaKr2w5Pa4gRmdXytMKttec,Juannita's Mexican Food Truck,3.0,2,,Taco restaurant,· Dine-in · Curbside pickup · No-contact delivery,"6996 East 21st St, Indianapolis, IN 46219","QXW3+JC Indianapolis, Indiana",http://juannitas.com/,(317) 559-2677,,,,,,,,,https://lh5.googleusercontent.com/p/AF1QipM3x5_Y6Ot7uRmDobLteLAKPzBod7j40F_ViEkm=w408-h272-k-no,true,39.79656249999998,-86.0464375,"https://www.google.com/maps/search/food+truck/@39.8279126,-86.1981034,12.24z?entry=ttu",2023-10-12T00:46:14.313Z,,
https://www.google.com/maps/place/Restaurante+Oaxaca/data=!4m7!3m6!1s0x886b576eea8f7777:0x223d96a249158ed0!8m2!3d39.8236215!4d-86.2466267!16s%2Fg%2F11h_12zj5k!19sChIJd3eP6m5Xa4gR0I4VSaKWPSI,Restaurante Oaxaca,4.5,142,,Mexican restaurant,· Dine-in · Drive-through · Delivery,"5101 W 38th St, Indianapolis, IN 46224","RQF3+C8 Indianapolis, Indiana",,(317) 490-2429,6 PM–2 AM,6 PM–2 AM,4 PM–4 AM,4 PM–4 AM,Closed,6 PM–2 AM,6 PM–2 AM,Open now,https://lh5.googleusercontent.com/p/AF1QipO01PKI8tDJUOA5ugMK2OxfbhcgkzGNSAu18fRQ=w408-h544-k-no,true,39.82356250000002,-86.24668750000001,"https://www.google.com/maps/search/food+truck/@39.8279126,-86.1981034,12.24z?entry=ttu",2023-10-12T00:46:18.125Z,,
https://www.google.com/maps/place/Talkin+Turkey+Real+Cajun+Food+Truck+%26+Catering/data=!4m7!3m6!1s0x886b535c96f6209d:0x38419672e063b6e2!8m2!3d39.8391965!4d-86.1506722!16s%2Fg%2F11gsn5_npz!19sChIJnSD2llxTa4gR4rZj4HKWQTg,Talkin Turkey Real Cajun Food Truck & Catering,,,,Mobile caterer,,"Commercial Kitchen, 4550 Central Ave, Indianapolis, IN 46205","RRQX+MP Indianapolis, Indiana",,(317) 809-3427,,,,,,,,,https://lh5.googleusercontent.com/p/AF1QipOQZqbK5SvVtdtOe-cNcWWidDKEb6ZOHVBeHIy2=w408-h272-k-no,true,39.839187499999994,-86.1506875,"https://www.google.com/maps/search/food+truck/@39.8279126,-86.1981034,12.24z?entry=ttu",2023-10-12T00:46:22.388Z,,
https://www.google.com/maps/place/ClusterTruck+-+Broad+Ripple/data=!4m7!3m6!1s0x886b538da784b4e5:0xa845ca9abd40f8d3!8m2!3d39.8683662!4d-86.1257019!16s%2Fg%2F11k8x0cknz!19sChIJ5bSEp41Ta4gR0_hAvZrKRag,ClusterTruck - Broad Ripple,4.9,350,,Delivery Restaurant,· Takeout · Delivery · Dine-in,"2101 E 62nd St, Indianapolis, IN 46220","VV9F+8P Indianapolis, Indiana",http://clustertruck.com/,(317) 751-9543,10 AM–10 PM,10 AM–10 PM,10 AM–11 PM,10 AM–11 PM,10 AM–9 PM,10 AM–10 PM,10 AM–10 PM,Open now,https://lh5.googleusercontent.com/p/AF1QipNFOk7SHkFAgQKj2pXcZp-sYkLKYVURrTcqxYzG=w408-h271-k-no,true,39.868312500000016,-86.12568750000001,"https://www.google.com/maps/search/food+truck/@39.8279126,-86.1981034,12.24z?entry=ttu",2023-10-12T00:46:26.602Z,,
https://www.google.com/maps/place/Taqueria+Mi+Costa/data=!4m7!3m6!1s0x886b5768b94a60a7:0xa7452cd4fd47fb03!8m2!3d39.767548!4d-86.1866145!16s%2Fg%2F11g6xhd3bs!19sChIJp2BKuWhXa4gRA_tH_dQsRac,Taqueria Mi Costa,4.3,201,,Taco restaurant,· Dine-in · Takeout · Delivery,"1430 W Washington St, Indianapolis, IN 46222","QR97+29 Indianapolis, Indiana",https://taqueria-mi-costa.business.site/,(317) 937-5828,11 AM–11 PM,11 AM–11 PM,11 AM–11 PM,11 AM–11 PM,12–11 PM,Closed,11 AM–11 PM,Open now,https://lh5.googleusercontent.com/p/AF1QipOPXSSPye8wYxFMB37QhnijKLsVDYFf3YqDy64G=w408-h306-k-no,true,39.76756250000001,-86.18656250000001,"https://www.google.com/maps/search/food+truck/@39.8279126,-86.1981034,12.24z?entry=ttu",2023-10-12T00:46:30.434Z,,
https://www.google.com/maps/place/Paco%27s+Taqueria+-+Food+Truck/data=!4m7!3m6!1s0x8814ab0ea465f3e1:0xa3b80563c074e00d!8m2!3d39.9054765!4d-86.0490862!16s%2Fg%2F11tc8ltr9j!19sChIJ4fNlpA6rFIgRDeB0wGMFuKM,Paco's Taqueria - Food Truck,3.4,25,$,Taco restaurant,· Dine-in · Curbside pickup · Delivery,"6816 E 82nd St, Indianapolis, IN 46250","WX42+59 Indianapolis, Indiana",http://www.pacostaquerias.com/,(317) 459-8116,10 AM–10 PM,10 AM–10 PM,10 AM–10 PM,10 AM–10 PM,10 AM–10 PM,10 AM–10 PM,10 AM–10 PM,Open now,https://lh3.googleusercontent.com/gps-proxy/AFm_dcTHpKD8wt5iV8qtBsXXVcffnWwtr0PTxF0DQUIXyExhCLVZnfN5Ryvt7v0Bu2PkaqOeXCXU1ByVk90IcDaWTEgNOMPa6n1YRdX4DYM93N3kzLjIiMgTLDAE_J2YB5aaq6-Yitz_H_03DcYiInAeL31w3RIpksAJ210PhOVg4OrxliFYB81ewejg=w426-h240-k-no,true,39.90543749999999,-86.0490625,"https://www.google.com/maps/search/food+truck/@39.8279126,-86.1981034,12.24z?entry=ttu",2023-10-12T00:46:34.766Z,Identifies as women-owned,
https://www.google.com/maps/place/Antojitos+Rojas+Y+mas/data=!4m7!3m6!1s0x886b4f570c7c77bf:0x65c005a41504e06b!8m2!3d39.8259918!4d-86.064185!16s%2Fg%2F11snq04cpl!19sChIJv3d8DFdPa4gRa-AEFaQFwGU,Antojitos Rojas Y mas,4.8,6,,Mexican restaurant,· Dine-in · Takeout · Delivery,"6006 E 38th St, Indianapolis, IN 46226","RWGP+98 Indianapolis, Indiana",,(317) 797-3207,4–11:30 PM,4–11:30 PM,4 PM–1:30 AM,4 PM–1:30 AM,4–10:30 PM,Closed,4–11:30 PM,Open now,https://lh5.googleusercontent.com/p/AF1QipPuazloj4Ivl71lRcwOySt_z45W4Brx5_sAucE5=w408-h544-k-no,true,39.82593750000002,-86.0641875,"https://www.google.com/maps/search/food+truck/@39.8279126,-86.1981034,12.24z?entry=ttu",2023-10-12T00:46:39.348Z,,
https://www.google.com/maps/place/Quick+bite/data=!4m7!3m6!1s0x886ca938566662dd:0xe31f9445558e3f66!8m2!3d39.8239402!4d-86.2697451!16s%2Fg%2F11tdsv3dqg!19sChIJ3WJmVjipbIgRZj-OVUWUH-M,Quick bite,4.4,20,$,Fast food restaurant,· Dine-in · Curbside pickup · No-contact delivery,"3801 N High School Rd, Indianapolis, IN 46254","RPFJ+H4 Indianapolis, Indiana",,(574) 440-3804,6 PM–3 AM,6 PM–3 AM,6 PM–3 AM,6 PM–3 AM,6 PM–3 AM,6 PM–3 AM,6 PM–3 AM,Open now,https://lh5.googleusercontent.com/p/AF1QipOKXrB6628qE6cVq79wi9-YG9EnTihfop_C1rQG=w408-h544-k-no,true,39.823937500000014,-86.2696875,"https://www.google.com/maps/search/food+truck/@39.8279126,-86.1981034,12.24z?entry=ttu",2023-10-12T00:46:43.197Z,,
https://www.google.com/maps/place/Super+Tacos/data=!4m7!3m6!1s0x886ca7c1a50835ab:0x6fa21b8d463f6027!8m2!3d39.7505398!4d-86.2569502!16s%2Fg%2F11t176xkq_!19sChIJqzUIpcGnbIgRJ2A_Ro0bom8,Super Tacos,4.1,15,,Mexican restaurant,· Dine-in · Takeout,"5653 W Washington St, Indianapolis, IN 46241","QP2V+66 Indianapolis, Indiana",,(317) 656-9922,5–9 PM,5–9 PM,5–9 PM,Closed,Closed,5–9 PM,5–9 PM,Closing soon,https://lh5.googleusercontent.com/p/AF1QipPgm8zLjucR8dOK8xl23Qbros3eHkheBIN4gC_O=w408-h306-k-no,true,39.75056249999999,-86.25693749999999,"https://www.google.com/maps/search/food+truck/@39.8279126,-86.1981034,12.24z?entry=ttu",2023-10-12T00:46:47.467Z,,
https://www.google.com/maps/place/Dogs+to+Go+by+Uncle+Zo/data=!4m7!3m6!1s0x886b5731850888d9:0xb939a2bf075f5fe8!8m2!3d39.7805216!4d-86.2160182!16s%2Fg%2F11hm3bwsbv!19sChIJ2YgIhTFXa4gR6F9fB7-iObk,Dogs to Go by Uncle Zo,4.5,4,,Restaurant,· Takeout · Delivery,"3376 W 10th St and, N Tibbs Ave, Indianapolis, IN 46222","QQJM+6H Indianapolis, Indiana",https://www.facebook.com/pages/category/Hot-Dog-Joint/Dogs-to-go-by-uncle-zo-891773400966722/,(317) 363-2456,10 AM–5 PM,10 AM–5 PM,10 AM–5 PM,10 AM–5 PM,Closed,Closed,10 AM–5 PM,Closed,https://lh5.googleusercontent.com/p/AF1QipPitrV6PccTwYECvNBi2w8WzzIsRwMAOTGWh6i2=w408-h816-k-no,true,39.78056249999999,-86.2160625,"https://www.google.com/maps/search/food+truck/@39.8279126,-86.1981034,12.24z?entry=ttu",2023-10-12T00:46:51.488Z,,
https://www.google.com/maps/place/The+Grub+House/data=!4m7!3m6!1s0x886b50e2ab609399:0xe5aaa36b0a4ee38c!8m2!3d39.7937191!4d-86.1445346!16s%2Fg%2F11b5pk3nyt!19sChIJmZNgq-JQa4gRjONOCmujquU,The Grub House,4.1,447,$,Breakfast restaurant,· Dine-in · Curbside pickup · No-contact delivery,"1953 N College Ave, Indianapolis, IN 46202","QVV4+F5 Indianapolis, Indiana",http://grubhouseindy.com/,(317) 974-9089,8 AM–6 PM,8 AM–6 PM,8 AM–6 PM,8 AM–6 PM,Closed,Closed,Closed,Closed,https://lh5.googleusercontent.com/p/AF1QipOvEnNvw1ZI62Wk4yQ3smOndlIPXOHMOA3Yx6PL=w408-h363-k-no,true,39.79368749999999,-86.1445625,"https://www.google.com/maps/search/food+truck/@39.8279126,-86.1981034,12.24z?entry=ttu",2023-10-12T00:46:55.308Z,,
https://www.google.com/maps/place/Pi+Indy/data=!4m7!3m6!1s0x886b517a4ded645d:0x9a5380ae76404a2f!8m2!3d39.7837157!4d-86.1337616!16s%2Fg%2F11sk7y29mp!19sChIJXWTtTXpRa4gRL0pAdq6AU5o,Pi Indy,5.0,1,,Pizza Takeout,,"1125 E Brookside Ave, Indianapolis, IN 46202","QVM8+FF Indianapolis, Indiana",http://eatbetterpizza.com/,,,,,,,,,,https://lh5.googleusercontent.com/p/AF1QipNIGgK7mJzFow-stWnUNLRGh92O0fcAcbSWPzi4=w408-h544-k-no,false,39.78375,-86.13375,"https://www.google.com/maps/search/food+truck/@39.8279126,-86.1981034,12.24z?entry=ttu",2023-10-12T00:46:59.308Z,,
https://www.google.com/maps/place/Taqueria+El+Taco+Loco/data=!4m7!3m6!1s0x886b576fff8a9bd7:0x29c961d16fc451c0!8m2!3d39.7652112!4d-86.2055986!16s%2Fg%2F11clzgh2b6!19sChIJ15uK_29Xa4gRwFHEb9FhySk,Taqueria El Taco Loco,4.4,360,,Mexican restaurant,· Dine-in · Takeout · Delivery,"2705 W Washington St, Indianapolis, IN 46222","QQ8V+3Q Indianapolis, Indiana",http://www.facebook.com/El-Volkan-Mexican-Restaurant-346354408845765/,(317) 910-5930,5–10:55 PM,11 AM–10:55 PM,11 AM–11:50 PM,11 AM–11:50 PM,5–10:55 PM,5–10:55 PM,5–10:55 PM,Open now,https://lh5.googleusercontent.com/p/AF1QipPUVP90vHi-D7O898zWuIocHwxhJGzxF0GHbwvN=w408-h306-k-no,true,39.76518749999998,-86.2055625,"https://www.google.com/maps/search/food+truck/@39.8279126,-86.1981034,12.24z?entry=ttu",2023-10-12T00:47:03.899Z,,
https://www.google.com/maps/place/Taste+of+Liberia+Foodtruck/data=!4m7!3m6!1s0x886b55b06d1af941:0xba727d54abbd7743!8m2!3d39.8859283!4d-86.2106719!16s%2Fg%2F11t69v_t9h!19sChIJQfkabbBVa4gRQ3e9q1R9cro,Taste of Liberia Foodtruck,5.0,1,,Food court,· Takeout · Delivery,"Indianapolis, IN 46268","VQPQ+9P Indianapolis, Indiana",,(317) 620-5714,,,,,,,,,https://lh5.googleusercontent.com/p/AF1QipPfscMaIvSKLITdVscnq2kaQYxBnL45OjsZ6Q4r=w408-h306-k-no,false,39.8859375,-86.2106875,"https://www.google.com/maps/search/food+truck/@39.8279126,-86.1981034,12.24z?entry=ttu",2023-10-12T00:47:07.888Z,,
https://www.google.com/maps/place/Huge+Impact+Restaurant/data=!4m7!3m6!1s0x886b561a5fe09c29:0xa651e3f969433f22!8m2!3d39.8256814!4d-86.247654!16s%2Fg%2F11hd7f94yd!19sChIJKZzgXxpWa4gRIj9DafnjUaY,Huge Impact Restaurant,3.9,267,,Restaurant,· Dine-in · Takeout · Delivery,"5110 W 38th St, Indianapolis, IN 46254","RQG2+7W Indianapolis, Indiana",https://hugeimpactllc.weebly.com/,(317) 975-0037,12–8 PM,12–9 PM,12–9 PM,12–9 PM,2–6 PM,12–9 PM,12–9 PM,Closed,https://lh5.googleusercontent.com/p/AF1QipMla6F7G--ZBNR3HTPk6Moy8KlJJvAoi2CI2A-a=w493-h240-k-no,true,39.82568750000003,-86.2476875,"https://www.google.com/maps/search/food+truck/@39.8279126,-86.1981034,12.24z?entry=ttu",2023-10-12T00:47:12.215Z,,
https://www.google.com/maps/place/Tacos+y+tortas+arroyo/data=!4m7!3m6!1s0x886b591c7c3204e1:0x4e59b2658e23957c!8m2!3d39.7512443!4d-86.1975392!16s%2Fg%2F11srb4cxkz!19sChIJ4QQyfBxZa4gRfJUjjmWyWU4,Tacos y tortas arroyo,5.0,4,,Taco restaurant,· Dine-in · Takeout,"2120 W Morris St, Indianapolis, IN 46221","QR22+FX Indianapolis, Indiana",http://ordertacosytortasarroyo.com/,(317) 999-3333,6–11:40 PM,6 PM–12 AM,6 PM–12 AM,6 PM–12 AM,6–11 PM,Closed,6–11:40 PM,Open now,https://lh5.googleusercontent.com/p/AF1QipN7O-tjEM0b2tsD7sf6eoyt3Pn1xxfDtQfyUPeF=w408-h544-k-no,true,39.7511875,-86.1975625,"https://www.google.com/maps/search/food+truck/@39.8279126,-86.1981034,12.24z?entry=ttu",2023-10-12T00:47:16.073Z,,
https://www.google.com/maps/place/The+Latin+Flavor+-+Food+Truck/data=!4m7!3m6!1s0x886b491ed9d86bd5:0x17d4a75a53a48fa0!8m2!3d39.8263944!4d-86.0068405!16s%2Fg%2F11j5kj2szl!19sChIJ1WvY2R5Ja4gRoI-kU1qn1Bc,The Latin Flavor - Food Truck,4.1,47,$,Mexican restaurant,· Dine-in · Curbside pickup · No-contact delivery,"9130 E 38th St, Indianapolis, IN 46235","RXGV+H7 Indianapolis, Indiana",http://thelatinflavorindy.com/?utm_source=gmb&utm_medium=referral,(317) 895-9259,11 AM–10 PM,11 AM–11 PM,11 AM–11 PM,11 AM–11 PM,11 AM–10 PM,11 AM–10 PM,11 AM–10 PM,Open now,https://lh5.googleusercontent.com/p/AF1QipP6qTNGyNpOA7tEdeG_mIDAEKD6HNs6u2xO1HI=w408-h544-k-no,true,39.82643750000001,-86.0068125,"https://www.google.com/maps/search/food+truck/@39.8279126,-86.1981034,12.24z?entry=ttu",2023-10-12T00:47:20.210Z,LGBTQ+ friendly,
https://www.google.com/maps/place/Fiesta+Tacos+Food+Truck/data=!4m7!3m6!1s0x886caf3a5c8f5b33:0x8c3ffd75fe874e4!8m2!3d39.8315606!4d-86.3676515!16s%2Fg%2F11ssmsy3tl!19sChIJM1uPXDqvbIgR5HToX9f_wwg,Fiesta Tacos Food Truck,5.0,2,,Mexican restaurant,· Dine-in · Takeout · Delivery,"1565 E Main St, Brownsburg, IN 46112","RJJJ+JW Brownsburg, Indiana",,,,,,,,,,,https://streetviewpixels-pa.googleapis.com/v1/thumbnail?panoid=pK1J__mIc-cKTTJXPIe53A&cb_client=search.gws-prod.gps&w=408&h=240&yaw=238.98682&pitch=0&thumbfov=100,false,39.831562500000004,-86.3676875,"https://www.google.com/maps/search/food+truck/@39.8279126,-86.1981034,12.24z?entry=ttu",2023-10-12T00:47:24.700Z,,
https://www.google.com/maps/place/Taqueria+La+Autentica+Food+truck/data=!4m7!3m6!1s0x886b4f281ef3afd5:0xd5024bd961fdb159!8m2!3d39.8029754!4d-86.0136536!16s%2Fg%2F11khkqdp_8!19sChIJ1a_zHihPa4gRWbH9YdlLAtU,Taqueria La Autentica Food truck,3.0,2,$,Takeout Restaurant,· Drive-through · Dine-in,"8801 E 25th St, Indianapolis, IN 46219","RX3P+5G Indianapolis, Indiana",,(317) 453-5449,12–10 PM,12–10:30 PM,12–11 PM,6–11 PM,Closed,12–10 PM,12–10 PM,Open now,https://lh3.googleusercontent.com/gps-proxy/AFm_dcR--PXLDQQYtYhBtLaUbbQIgVNM5RoW4rXpypMSbZQKYg2qePUChQtr3lZ20HSwxcy52kDMEtupgh-piz-BJ7ZIhT2s2cOqea9xWU9gRteFknGwC0w7bOyjyd9L04BvGk4mAiK8FiQQMJKWqfypWgR1Xklu9nnCB23CuCaiQ5P2kjA1GRf2TzH_bQ=w426-h240-k-no,false,39.8029375,-86.0136875,"https://www.google.com/maps/search/food+truck/@39.8279126,-86.1981034,12.24z?entry=ttu",2023-10-12T00:47:28.580Z,Identifies as Latino-owned,
https://www.google.com/maps/place/Garcias+Tacos/data=!4m7!3m6!1s0x886b59388c36402f:0x156a3608608cb45a!8m2!3d39.7529792!4d-86.2487564!16s%2Fg%2F11fj5kgmlg!19sChIJL0A2jDhZa4gRWrSMYAg2ahU,Garcias Tacos,4.3,29,,Taco restaurant,· Dine-in · Takeout · Delivery,"46241, Indianapolis, IN 46241","QQ32+5F Indianapolis, Indiana",https://www.facebook.com/Garcias-Tacos-2018474271754308/,(317) 628-9778,7–11 PM,7–11 PM,7 PM–12 AM,7 PM–12 AM,7 PM–12 AM,Closed,Closed,Open now,https://lh5.googleusercontent.com/p/AF1QipOGDo597H2NBZDDsb2voJk1wedgLCxwsq27Mvqj=w408-h544-k-no,true,39.75293749999999,-86.2488125,"https://www.google.com/maps/search/food+truck/@39.8279126,-86.1981034,12.24z?entry=ttu",2023-10-12T00:47:32.375Z,,
https://www.google.com/maps/place/T+Street+Eatz/data=!4m7!3m6!1s0x886b51a3d6bb5e15:0x6c9ebda10215800c!8m2!3d39.7686835!4d-86.153515!16s%2Fg%2F11qq392yvd!19sChIJFV671qNRa4gRDIAVAqG9nmw,T Street Eatz,4.7,34,$,Restaurant,· Dine-in · Curbside pickup · No-contact delivery,"City Market, 222 E Market St, Indianapolis, IN 46204","QR9W+FH Indianapolis, Indiana",http://www.tstreeteatzindy.com/,(317) 800-4436,11:30 AM–8 PM,11:30 AM–4 PM,11:30 AM–4 PM,11:30 AM–4 PM,Closed,11:30 AM–4 PM,11:30 AM–4 PM,Closed,https://lh5.googleusercontent.com/p/AF1QipOQU_fUSMCjzia78JfFdqa7sJraeVg3-JVy_xbm=w513-h240-k-no,true,39.76868750000001,-86.1535625,"https://www.google.com/maps/search/food+truck/@39.8279126,-86.1981034,12.24z?entry=ttu",2023-10-12T00:47:36.853Z,LGBTQ+ friendly,true
https://www.google.com/maps/place/Byrne%27s+Grilled+Pizza/data=!4m7!3m6!1s0x886b53c1e9a2e269:0x67c589884e0128cc!8m2!3d39.8545589!4d-86.1592491!16s%2Fg%2F11b6cn5gb1!19sChIJaeKi6cFTa4gRzCgBToiJxWc,Byrne's Grilled Pizza,4.3,331,$$,Pizza restaurant,· Dine-in · Curbside pickup · Delivery,"5615 N Illinois St, Indianapolis, IN 46208","VR3R+R8 Indianapolis, Indiana",https://byrnespizza.com/,(317) 737-2056,,,,,,,,,https://lh5.googleusercontent.com/p/AF1QipMMRGmfAjiRrLpvlNWbUjRu0-V6yaeJAVoEs69u=w408-h240-k-no-pi-20-ya334.57913-ro-0-fo100,true,39.8545625,-86.1591875,"https://www.google.com/maps/search/food+truck/@39.8279126,-86.1981034,12.24z?entry=ttu",2023-10-12T00:47:40.549Z,LGBTQ+ friendly,
https://www.google.com/maps/place/El+Venezolano+Food+Truck/data=!4m7!3m6!1s0x8814b3dd2c0eb583:0xdf8ff2f958b9791b!8m2!3d39.9278825!4d-86.0658242!16s%2Fg%2F11qq_qv0ps!19sChIJg7UOLN2zFIgRG3m5WPnyj98,El Venezolano Food Truck,3.7,3,,Venezuelan restaurant,· Dine-in · Takeout · Delivery,"9642 Allisonville Rd Suite B, Indianapolis, IN 46250","WWHM+5M Indianapolis, Indiana",,(317) 288-0844,,,,,,,,,https://lh5.googleusercontent.com/p/AF1QipPGTOcCPPBKzdhsD2fnS4B-zbskQ2FXaPte8Kw4=w408-h544-k-no,true,39.9279375,-86.06581249999999,"https://www.google.com/maps/search/food+truck/@39.8279126,-86.1981034,12.24z?entry=ttu",2023-10-12T00:47:44.477Z,LGBTQ+ friendly,
https://www.google.com/maps/place/Gaucho%27s+Fire+Express/data=!4m7!3m6!1s0x886b5179d2faa2b5:0xb149e69974db631!8m2!3d39.7802574!4d-86.1436438!16s%2Fg%2F11p106h6h0!19sChIJtaL60nlRa4gRMbZNl2meFAs,Gaucho's Fire Express,4.7,43,$,Fast food restaurant,· Dine-in · Takeout · No-contact delivery,"906 Carrollton Ave Suite 320, Indianapolis, IN 46202","QVJ4+4G Indianapolis, Indiana",https://www.express.gauchosfire.com/,(317) 319-8625,10 AM–9 PM,10 AM–9 PM,10 AM–10 PM,10 AM–10 PM,10 AM–9 PM,10 AM–9 PM,10 AM–9 PM,Closing soon,https://lh5.googleusercontent.com/p/AF1QipNgebpN-oDCMuz7TlLiRp457IH59sv0uhDIUQHz=w408-h544-k-no,true,39.780312499999994,-86.14368750000001,"https://www.google.com/maps/search/food+truck/@39.8279126,-86.1981034,12.24z?entry=ttu",2023-10-12T00:47:49.291Z,,
https://www.google.com/maps/place/Indy%27s+Kitchen/data=!4m7!3m6!1s0x886b511a284bd35d:0x9e88f71b3c37f5fd!8m2!3d39.8026631!4d-86.1499074!16s%2Fg%2F1thqblqg!19sChIJXdNLKBpRa4gR_fU3PBv3iJ4,Indy's Kitchen,4.4,34,$,Restaurant,· Dine-in · Takeout · Delivery,"2442 Central Ave, Indianapolis, IN 46205","RV32+32 Indianapolis, Indiana",http://www.indyskitchen.com/,(317) 426-2996,Open 24 hours,Open 24 hours,Open 24 hours,Open 24 hours,Open 24 hours,Open 24 hours,Open 24 hours,Open now,https://lh5.googleusercontent.com/p/AF1QipOmKLRRXeg78hYsjNV5QLKpfBoWeo3ReNLSNZ9o=w426-h240-k-no,true,39.802687500000005,-86.14993750000001,"https://www.google.com/maps/search/food+truck/@39.8279126,-86.1981034,12.24z?entry=ttu",2023-10-12T00:47:53.299Z,,
https://www.google.com/maps/place/Pork-N-Pistons/data=!4m7!3m6!1s0x886b45ca641a4b31:0x891f1698d5aac7de!8m2!3d39.7499031!4d-86.0920078!16s%2Fg%2F11q2znmcs1!19sChIJMUsaZMpFa4gR3seq1ZgWH4k,Pork-N-Pistons,4.2,13,,Barbecue restaurant,· Dine-in · Takeout,"4500 Southeastern Ave, Indianapolis, IN 46203","PWX5+X5 Indianapolis, Indiana",https://www.porknpistons.com/,(317) 362-8327,9 AM–5:30 PM,9 AM–5:30 PM,Closed,Closed,Closed,9 AM–5:30 PM,9 AM–5:30 PM,Closed,https://lh5.googleusercontent.com/p/AF1QipNN9Oh8cZ50vf28pcDWWo2ne2fCyC9tGtI2on3d=w408-h306-k-no,true,39.7499375,-86.0920625,"https://www.google.com/maps/search/food+truck/@39.8279126,-86.1981034,12.24z?entry=ttu",2023-10-12T00:47:57.248Z,,
https://www.google.com/maps/place/King+gyros+food+truck/data=!4m7!3m6!1s0x886b596d3c07c2c1:0xf90007bc709549a3!8m2!3d39.6981336!4d-86.1857288!16s%2Fg%2F11tnbzlhlk!19sChIJwcIHPG1Za4gRo0mVcLwHAPk,King gyros food truck,4.7,46,,Gyro restaurant,· Dine-in · Takeout · No-contact delivery,"4585 S Harding St, Indianapolis, IN 46217","MRX7+7P Indianapolis, Indiana",,(317) 480-3257,10:30 AM–1 AM,10:30 AM–1 AM,10:30 AM–1 AM,10:30 AM–1 AM,10:30 AM–12 AM,10:30 AM–1 AM,10:30 AM–1 AM,Open now,https://lh5.googleusercontent.com/p/AF1QipN9PvvNCeY4kO3OU1Jx5NalQqcFoVW6_EhtHDpb=w408-h544-k-no,true,39.69818750000003,-86.1856875,"https://www.google.com/maps/search/food+truck/@39.8279126,-86.1981034,12.24z?entry=ttu",2023-10-12T00:48:01.504Z,,
https://www.google.com/maps/place/Tacos+Maela/data=!4m7!3m6!1s0x886b4f92e9ab2091:0xcf086c5d46709c5d!8m2!3d39.8195641!4d-86.0468822!16s%2Fg%2F11qrkgf1k1!19sChIJkSCr6ZJPa4gRXZxwRl1sCM8,Tacos Maela,4.7,27,,Restaurant,· Dine-in · Takeout,"3440 Shadeland Ave, Indianapolis, IN 46226","RX93+R6 Indianapolis, Indiana",https://g.page/tacos-maela,(317) 500-5361,11 AM–8:30 PM,11 AM–8:30 PM,11 AM–8:30 PM,11 AM–8:30 PM,Closed,Closed,11 AM–8:30 PM,Closed,https://lh5.googleusercontent.com/p/AF1QipPyX150hVy3OzwLvWOZHZqRYSP5uo2KK0Vg1tPH=w408-h306-k-no,true,39.81956250000003,-86.0469375,"https://www.google.com/maps/search/food+truck/@39.8279126,-86.1981034,12.24z?entry=ttu",2023-10-12T00:48:05.562Z,,
https://www.google.com/maps/place/Firehouse+Dawgs/data=!4m7!3m6!1s0x886b51c7f14db229:0xc36f439b49a63e7e!8m2!3d39.763474!4d-86.1580623!16s%2Fg%2F11rsvh9lrg!19sChIJKbJN8cdRa4gRfj6mSZtDb8M,Firehouse Dawgs,,,,Fast food restaurant,· Dine-in · Takeout · Delivery,"230 S Meridian St, Indianapolis, IN 46225","QR7R+9Q Indianapolis, Indiana",,,Closed,Closed,11 PM–3 AM,11 PM–3 AM,Closed,Closed,Closed,Closed today,https://streetviewpixels-pa.googleapis.com/v1/thumbnail?panoid=goBRnRlP4hYqnnVvqzGYxg&cb_client=search.gws-prod.gps&w=408&h=240&yaw=44.359272&pitch=0&thumbfov=100,false,39.763437499999995,-86.1580625,"https://www.google.com/maps/search/food+truck/@39.8279126,-86.1981034,12.24z?entry=ttu",2023-10-12T00:48:09.968Z,,
https://www.google.com/maps/place/Las+Mexicanas+S%C3%BAper+Tacos/data=!4m7!3m6!1s0x886b51e2efa6b60d:0x569f00c24b51008a!8m2!3d39.7602747!4d-86.1023848!16s%2Fg%2F11syt9fs1t!19sChIJDbam7-JRa4gRigBRS8IAn1Y,Las Mexicanas Súper Tacos,4.7,38,,Mexican restaurant,· Dine-in · Takeout,"424 S Sherman Dr, Indianapolis, IN 46201","QV6X+42 Indianapolis, Indiana",http://orderlasmexicanassupertacos.com/,(317) 909-2150,2–11 PM,2–11 PM,2–11 PM,2–11 PM,2–11 PM,2–11 PM,2–11 PM,Open now,https://lh5.googleusercontent.com/p/AF1QipMcB4sGzjCmPhZ7pYAte4J3V9XCB5_WQCaRbk23=w408-h408-k-no,true,39.76031249999998,-86.10243750000001,"https://www.google.com/maps/search/food+truck/@39.8279126,-86.1981034,12.24z?entry=ttu",2023-10-12T00:48:14.222Z,,
https://www.google.com/maps/place/T%27Days+Jerk/data=!4m7!3m6!1s0x66f4badc548b0889:0x7e1f1aa7520ab782!8m2!3d39.7226507!4d-86.1574742!16s%2Fg%2F11q4c42tsk!19sChIJiQiLVNy69GYRgrcKUqcaH34,T'Days Jerk,4.4,12,$,Mobile caterer,,"36 E Troy Ave, Indianapolis, IN 46225","PRFV+32 Indianapolis, Indiana",http://tdaysjerk.com/,(317) 991-6741,,,,,,,,,https://lh5.googleusercontent.com/p/AF1QipNarI6FF_v6EXhTE_qZ2E6Axxt8HvaVK9t7fXpG=w408-h271-k-no,true,39.72268749999999,-86.1574375,"https://www.google.com/maps/search/food+truck/@39.8279126,-86.1981034,12.24z?entry=ttu",2023-10-12T00:48:18.009Z,,true
https://www.google.com/maps/place/ENVARA+Woodfired+Grill/data=!4m7!3m6!1s0x8814b3e2bb41496f:0xe9713562883a3953!8m2!3d39.9116615!4d-86.1114872!16s%2Fg%2F11thp_rc8c!19sChIJb0lBu-KzFIgRUzk6iGI1cek,ENVARA Woodfired Grill,5.0,10,,Venezuelan restaurant,· Dine-in · Drive-through · No-contact delivery,"8500 Keystone Crossing, Indianapolis, IN 46240","WV6Q+MC Indianapolis, Indiana",,(305) 504-0866,Closed,Closed,Closed,Closed,12–7 PM,Closed,Closed,Closed today,https://lh5.googleusercontent.com/p/AF1QipM9OpXBdZIOPLEHJPeS3nQtgXDS2Bw-HyR2grk6=w408-h544-k-no,true,39.911687499999985,-86.11143750000001,"https://www.google.com/maps/search/food+truck/@39.8279126,-86.1981034,12.24z?entry=ttu",2023-10-12T00:48:21.738Z,Identifies as women-owned,
https://www.google.com/maps/place/P.G.+Jones%E2%80%99s+Food+%26+Catering/data=!4m7!3m6!1s0x886b51704024a9a7:0x769f881efcc8bcff!8m2!3d39.8110839!4d-86.1024575!16s%2Fg%2F11h5_vljpl!19sChIJp6kkQHBRa4gR_7zI_B6In3Y,P.G. Jones’s Food & Catering,4.5,4,,Restaurant,· Dine-in · Takeout,"3007 N Sherman Dr, Indianapolis, IN 46218","RV6X+C2 Indianapolis, Indiana",,(317) 282-9779,Closed,7 AM–4:30 PM,6 AM–7 PM,"2 AM–6 PM, 11:30 PM–6 AM",1–6 PM,7 AM–6 PM,7 AM–6 PM,Closed today,https://lh5.googleusercontent.com/p/AF1QipP0idgqRjC_ayg1PM_hBLgR6hc-zWZmX5fqLQI=w408-h408-k-no,false,39.811062500000006,-86.10243750000001,"https://www.google.com/maps/search/food+truck/@39.8279126,-86.1981034,12.24z?entry=ttu",2023-10-12T00:48:26.013Z,,
https://www.google.com/maps/place/Garcia%27s+Hot+Dogs/data=!4m7!3m6!1s0x886b4fcd84177d0d:0xdbd7354f59287c84!8m2!3d39.7893567!4d-86.082709!16s%2Fg%2F11g68y4bv4!19sChIJDX0XhM1Pa4gRhHwoWU8119s,Garcia's Hot Dogs,4.9,278,$,Hot dog stand,· Dine-in · Drive-through · Delivery,"5102 E 16th St, Indianapolis, IN 46218","QWQ8+PW Indianapolis, Indiana",https://www.facebook.com/Garcias-Hot-Dogs-286178404925747/?rf=113226448785862,(317) 289-5593,10:30 AM–7:30 PM,10:30 AM–7:30 PM,10:30 AM–7:30 PM,10:30 AM–6:45 PM,10:30 AM–6 PM,10:30 AM–7:30 PM,10:30 AM–7:30 PM,Closed,https://lh5.googleusercontent.com/p/AF1QipPhO62WJsfhSd1Um9s15v71XHLxEi6f1BrII3_1=w408-h306-k-no,true,39.78931249999998,-86.08268749999999,"https://www.google.com/maps/search/food+truck/@39.8279126,-86.1981034,12.24z?entry=ttu",2023-10-12T00:48:29.910Z,LGBTQ+ friendly,
https://www.google.com/maps/place/Taste+Of+Cholulas/data=!4m7!3m6!1s0x886b48cb5ca1a137:0x44228f14324eb28f!8m2!3d39.7735186!4d-86.0108822!16s%2Fg%2F11g8v3v08v!19sChIJN6GhXMtIa4gRj7JOMhSPIkQ,Taste Of Cholulas,4.2,43,,Taco restaurant,· Dine-in · Drive-through · Delivery,"8901-8925 E Washington St, Indianapolis, IN 46219","QXFQ+CJ Indianapolis, Indiana",,(317) 628-1258,5 PM–12 AM,5 PM–12 AM,5 PM–12 AM,5 PM–12 AM,5 PM–12 AM,5 PM–12 AM,5 PM–12 AM,Open now,https://lh5.googleusercontent.com/p/AF1QipPmX49kRaNiBoVsXl2UtWWFCjcOw7yGjnyZlNxn=w408-h306-k-no,false,39.77356250000001,-86.01093750000001,"https://www.google.com/maps/search/food+truck/@39.8279126,-86.1981034,12.24z?entry=ttu",2023-10-12T00:48:34.456Z,,
https://www.google.com/maps/place/J%27s+Lobster+%26+Fish+Market/data=!4m7!3m6!1s0x886b5bde8e51866b:0xd0f85b591b157710!8m2!3d39.7804325!4d-86.1438927!16s%2Fg%2F11hzqgnp52!19sChIJa4ZRjt5ba4gREHcVG1lb-NA,J's Lobster & Fish Market,3.5,193,,Seafood restaurant,· Dine-in · Takeout · Delivery,"906 Carrollton Ave #370, Indianapolis, IN 46202","QVJ4+5C Indianapolis, Indiana",http://jslobster.com/,(855) 562-7655,11 AM–9 PM,11 AM–9 PM,11 AM–10 PM,11 AM–10 PM,11 AM–9 PM,11 AM–9 PM,11 AM–9 PM,Closing soon,https://lh5.googleusercontent.com/p/AF1QipNcLDgiylHS-6a67g8pumLr_aft-aEvgvc95eYg=w408-h306-k-no,true,39.78043749999999,-86.1439375,"https://www.google.com/maps/search/food+truck/@39.8279126,-86.1981034,12.24z?entry=ttu",2023-10-12T00:48:38.620Z,,
https://www.google.com/maps/place/big+Jerry+Indy+food+truck/data=!4m7!3m6!1s0x886b5d3902d296ad:0xfc851468b71f7fcd!8m2!3d39.6427553!4d-86.1201799!16s%2Fg%2F11fhzcpjnw!19sChIJrZbSAjlda4gRzX8ft2gUhfw,big Jerry Indy food truck,5.0,1,,American restaurant,· Drive-through · No-contact delivery,"8522 Madison Ave, Indianapolis, IN 46227","JVVH+4W Indianapolis, Indiana",,(317) 331-9921,11 AM–7 AM,10:30 AM–7:30 PM,10:30 AM–7 PM,11 AM–8:30 PM,Closed,11 AM–7 PM,11 AM–7:30 PM,Open now,https://lh5.googleusercontent.com/p/AF1QipN6TbYFkyB19V-q8GYwQihm9rZjfSQGm67z45al=w408-h283-k-no,true,39.64281249999998,-86.1201875,"https://www.google.com/maps/search/food+truck/@39.8279126,-86.1981034,12.24z?entry=ttu",2023-10-12T00:48:42.618Z,,
https://www.google.com/maps/place/T-N-T+Hot+Dogs+%26+Mobile+Catering/data=!4m7!3m6!1s0x886b5b238864fe77:0xff8166b24552b628!8m2!3d39.7075752!4d-86.1431747!16s%2Fg%2F11qrjcrvs8!19sChIJd_5kiCNba4gRKLZSRbJmgf8,T-N-T Hot Dogs & Mobile Catering,5.0,1,,Hot dog stand,· Curbside pickup · Delivery,"395 E Hanna Ave, Indianapolis, IN 46227","PV54+2P Indianapolis, Indiana",https://www.facebook.com/TNTCatering8384,(317) 721-8384,10 AM–3 PM,Closed,Closed,Closed,Closed,Closed,Closed,Closed,https://lh5.googleusercontent.com/p/AF1QipOagDPUDqGOgdRDpTRIRIO1TC2KBiLyw8cyPJo=w408-h306-k-no,true,39.70756249999998,-86.14318750000001,"https://www.google.com/maps/search/food+truck/@39.8279126,-86.1981034,12.24z?entry=ttu",2023-10-12T00:48:46.622Z,Identifies as women-owned,true
https://www.google.com/maps/place/Taqueria+Los+Potrillos/data=!4m7!3m6!1s0x886b4b7b8f8fc35b:0xff77f2c29aaaaf46!8m2!3d39.8331972!4d-86.0109597!16s%2Fg%2F11jcf_vkyy!19sChIJW8OPj3tLa4gRRq-qmsLyd_8,Taqueria Los Potrillos,4.5,69,,Restaurant,· Dine-in · Takeout · Delivery,"8925 42nd St, Indianapolis, IN 46226","RXMQ+7J Indianapolis, Indiana",,(317) 654-6821,11:30 AM–10 PM,11:30 AM–10 PM,11:30 AM–11:30 PM,11:30 AM–11:30 PM,3–11 PM,11:30 AM–10 PM,11:30 AM–10 PM,Open now,https://lh5.googleusercontent.com/p/AF1QipPGNLfaGzHZS0ro6gF7GQVtMrRON4N-LIsQxo8p=w408-h306-k-no,true,39.83318750000002,-86.01093750000001,"https://www.google.com/maps/search/food+truck/@39.8279126,-86.1981034,12.24z?entry=ttu",2023-10-12T00:48:50.695Z,,
https://www.google.com/maps/place/BBQ+Outlawz/data=!4m7!3m6!1s0x886b57206001a6f3:0x808b4596d21ed230!8m2!3d39.787486!4d-86.2144862!16s%2Fg%2F11jg0tbcb3!19sChIJ86YBYCBXa4gRMNIe0pZFi4A,BBQ Outlawz,3.7,35,,Barbecue restaurant,· Dine-in · Curbside pickup · Delivery,"3323 W 16th St, Indianapolis, IN 46222","QQPP+X6 Indianapolis, Indiana",http://www.bbqoutlawz.com/,(317) 671-4214,,,,,,,,,https://lh5.googleusercontent.com/p/AF1QipMxMsy4ZPXq2NpCOWDxiqR8OA3Hs-vQsA2yF0Vb=w408-h544-k-no,true,39.787437499999996,-86.2144375,"https://www.google.com/maps/search/food+truck/@39.8279126,-86.1981034,12.24z?entry=ttu",2023-10-12T00:48:55.220Z,,
https://www.google.com/maps/place/El+Pastor+Taco+Truck/data=!4m7!3m6!1s0x886b5132becd8ca1:0x58dbd8b363d187d5!8m2!3d39.7602961!4d-86.1088905!16s%2Fg%2F11f6ydgzqb!19sChIJoYzNvjJRa4gR1YfRY7PY21g,El Pastor Taco Truck,4.7,46,,Taco restaurant,,"1053997, Indianapolis, IN 46201","QV6R+4C Indianapolis, Indiana",,(317) 629-2332,11 AM–11 PM,11 AM–11 PM,11 AM–12 AM,11 AM–11 PM,2–10 PM,11 AM–11 PM,11 AM–11 PM,Temporarily closed,https://streetviewpixels-pa.googleapis.com/v1/thumbnail?panoid=uFLNVUb7cAQbupyawLPl-Q&cb_client=search.gws-prod.gps&w=408&h=240&yaw=359.3093&pitch=0&thumbfov=100,false,39.76031249999998,-86.1089375,"https://www.google.com/maps/search/food+truck/@39.8279126,-86.1981034,12.24z?entry=ttu",2023-10-12T00:48:59.223Z,,
https://www.google.com/maps/place/J+%26+J+A+Taste+Of+Home+Catering/data=!4m7!3m6!1s0x886b51c13dfc138d:0x1c2798d9ce7d8816!8m2!3d39.8096141!4d-86.1106197!16s%2Fg%2F11c5r0tmfr!19sChIJjRP8PcFRa4gRFoh9ztmYJxw,J & J A Taste Of Home Catering,4.4,5,,Caterer,,"2933 Lasalle St, Indianapolis, IN 46218","RV5Q+RQ Indianapolis, Indiana",,(317) 459-0916,9 AM–6 PM,9 AM–6 PM,9 AM–6 PM,11 AM–3 PM,Closed,9 AM–6 PM,9 AM–6 PM,Closed,https://streetviewpixels-pa.googleapis.com/v1/thumbnail?panoid=9bdNcaKVtH9rMvdW2PHmXw&cb_client=search.gws-prod.gps&w=408&h=240&yaw=86.30266&pitch=0&thumbfov=100,false,39.80956250000001,-86.11056250000001,"https://www.google.com/maps/search/food+truck/@39.8279126,-86.1981034,12.24z?entry=ttu",2023-10-12T00:49:03.423Z,,
https://www.google.com/maps/place/La+marina+Maxican+Food+Truck/data=!4m7!3m6!1s0x886b5dbdb7f38cb9:0x4116dca938d34eb9!8m2!3d39.6631666!4d-86.1259341!16s%2Fg%2F11sh1wpb0s!19sChIJuYzzt71da4gRuU7TOKncFkE,La marina Maxican Food Truck,4.0,5,,Mexican restaurant,· Dine-in · Takeout · Delivery,"7155 Madison Ave, Indianapolis, IN 46227","MV7F+7J Indianapolis, Indiana",,,,,,,,,,,https://streetviewpixels-pa.googleapis.com/v1/thumbnail?panoid=JQZG7pOMmcaH8EeefhS6eA&cb_client=search.gws-prod.gps&w=408&h=240&yaw=33.936256&pitch=0&thumbfov=100,false,39.66318750000001,-86.12593750000002,"https://www.google.com/maps/search/food+truck/@39.8279126,-86.1981034,12.24z?entry=ttu",2023-10-12T00:49:07.444Z,,
https://www.google.com/maps/place/Super+Tacos/data=!4m7!3m6!1s0x886b54e0347c31dd:0x65a5b4642500deda!8m2!3d39.896636!4d-86.2149249!16s%2Fg%2F11f2wtyv3q!19sChIJ3TF8NOBUa4gR2t4AJWS0pWU,Super Tacos,4.4,316,$,Mexican restaurant,· Dine-in · Takeout · Delivery,"7853 Michigan Rd, Indianapolis, IN 46268","VQWP+M2 Indianapolis, Indiana",,(317) 991-2979,10 AM–10 PM,10 AM–10 PM,10 AM–10 PM,10 AM–10 PM,10 AM–10 PM,10 AM–10 PM,10 AM–10 PM,Open now,https://lh5.googleusercontent.com/p/AF1QipPe-y2Exg74U8WEZSoaAQe3JUi0G_Nda7OsQ93I=w408-h306-k-no,true,39.89668749999997,-86.2149375,"https://www.google.com/maps/search/food+truck/@39.8279126,-86.1981034,12.24z?entry=ttu",2023-10-12T00:49:11.547Z,,
https://www.google.com/maps/place/The+Latin+Flavor/data=!4m7!3m6!1s0x886b4958e4809353:0x444075fbdb9d7bc!8m2!3d39.8269282!4d-85.9923358!16s%2Fg%2F11q1rx8ys4!19sChIJU5OA5FhJa4gRvNe5vV8HRAQ,The Latin Flavor,5.0,7,,Restaurant,· Dine-in · Curbside pickup · Delivery,"9930 E 38th St, Indianapolis, IN 46235","R2G5+Q3 Indianapolis, Indiana",https://www.facebook.com/thelatinflavorfoodtruck/,(317) 895-9259,12–10 PM,12–10 PM,12–11 PM,12–11 PM,Closed,12–10 PM,12–10 PM,Open now,https://lh5.googleusercontent.com/p/AF1QipOsnxVBwVGDjjdebU6H0uAUuUEjoGBCw7LJqt-e=w408-h351-k-no,true,39.82693750000003,-85.99231250000001,"https://www.google.com/maps/search/food+truck/@39.8279126,-86.1981034,12.24z?entry=ttu",2023-10-12T00:49:16.464Z,LGBTQ+ friendly,
https://www.google.com/maps/place/BB%26B+Bread+Truck/data=!4m7!3m6!1s0x886b51cf5c8eca89:0xe5741e58f6adbb51!8m2!3d39.8092199!4d-86.1582507!16s%2Fg%2F11p3k5y8h1!19sChIJicqOXM9Ra4gRUbut9lgedOU,BB&B Bread Truck,4.4,28,,Bakery,· Takeout · Delivery,"2960 N Meridian St, Indianapolis, IN 46208","RR5R+MM Indianapolis, Indiana",http://www.booksbourbonbacon.com/bread,(317) 730-4778,,,,,,,,,https://lh5.googleusercontent.com/p/AF1QipOCVz_MEwtnb8aMiAMwq76fcBUs92oVdHoDZKvB=w408-h544-k-no,true,39.80918749999999,-86.1583125,"https://www.google.com/maps/search/food+truck/@39.8279126,-86.1981034,12.24z?entry=ttu",2023-10-12T00:49:20.437Z,,
https://www.google.com/maps/place/Ponchitos+Mexican+Food+Truck/data=!4m7!3m6!1s0x886b51c6ab91a155:0x2d8afb4a14a751e6!8m2!3d39.7595922!4d-86.1122149!16s%2Fg%2F11pqrvr8y7!19sChIJVaGRq8ZRa4gR5lGnFEr7ii0,Ponchitos Mexican Food Truck,5.0,2,,Mexican restaurant,,"3045 English Ave, Indianapolis, IN 46201","QV5Q+R4 Indianapolis, Indiana",,(479) 372-8447,Closed,Closed,Closed,8 AM–5 PM,Closed,Closed,Closed,Temporarily closed,https://lh5.googleusercontent.com/p/AF1QipOLeF49TvEGu9tr3rkZMw-vv3oliOs9epjaP1o=w408-h270-k-no,true,39.7595625,-86.11218750000002,"https://www.google.com/maps/search/food+truck/@39.8279126,-86.1981034,12.24z?entry=ttu",2023-10-12T00:49:24.137Z,Identifies as Latino-owned,
https://www.google.com/maps/place/Indy+Food+Shop/data=!4m7!3m6!1s0x886b493bdd0b260f:0x105fe3d048ab584c!8m2!3d39.8268675!4d-85.9922629!16s%2Fg%2F11qqw5psr7!19sChIJDyYL3TtJa4gRTFirSNDjXxA,Indy Food Shop,,,,Fast food restaurant,· Dine-in · Drive-through · No-contact delivery,"9940 E 38th St, Indianapolis, IN 46235","R2G5+P3 Indianapolis, Indiana",,(317) 480-3314,,,,,,,,,https://lh5.googleusercontent.com/p/AF1QipMp1eZGhVVDtv0x7u6keZEKxDvWfbNNsSQdl4Ag=w408-h306-k-no,true,39.8268125,-85.99231250000001,"https://www.google.com/maps/search/food+truck/@39.8279126,-86.1981034,12.24z?entry=ttu",2023-10-12T00:49:28.027Z,,
https://www.google.com/maps/place/Food+truck/data=!4m7!3m6!1s0x886b493ee649d287:0xd398c773a0c88c58!8m2!3d39.8029754!4d-86.0136536!16s%2Fg%2F11k3_p9lq9!19sChIJh9JJ5j5Ja4gRWIzIoHPHmNM,Food truck,5.0,3,$,Fast food restaurant,· Dine-in · Curbside pickup · Delivery,"8801 E 25th St, Indianapolis, IN 46219","RX3P+5G Indianapolis, Indiana",https://www.facebook.com/profile.php?id=100088819155439&mibextid=LQQJ4d,(317) 453-5449,12–10 PM,12–10:30 PM,12–11 PM,1–11 PM,Closed,Closed,12–10 PM,Open now,https://lh3.googleusercontent.com/gps-proxy/AFm_dcR--PXLDQQYtYhBtLaUbbQIgVNM5RoW4rXpypMSbZQKYg2qePUChQtr3lZ20HSwxcy52kDMEtupgh-piz-BJ7ZIhT2s2cOqea9xWU9gRteFknGwC0w7bOyjyd9L04BvGk4mAiK8FiQQMJKWqfypWgR1Xklu9nnCB23CuCaiQ5P2kjA1GRf2TzH_bQ=w426-h240-k-no,true,39.8029375,-86.0136875,"https://www.google.com/maps/search/food+truck/@39.8279126,-86.1981034,12.24z?entry=ttu",2023-10-12T00:49:31.826Z,,
https://www.google.com/maps/place/Taqueria+Said/data=!4m7!3m6!1s0x886b5960fc8ed641:0xe5dbe6b273631e7a!8m2!3d39.7556216!4d-86.2423527!16s%2Fg%2F11m3yrlbcm!19sChIJQdaO_GBZa4gReh5jc7Lm2-U,Taqueria Said,4.6,12,,Mexican restaurant,· Dine-in · Takeout · Delivery,"4838 W Washington St, Indianapolis, IN 46241","QQ45+63 Indianapolis, Indiana",,,Closed,7:30 PM–12 AM,7:30 PM–12 AM,7:30 PM–12 AM,7:30 PM–12 AM,7:30 PM–12 AM,7:30 PM–12 AM,Closed today,https://lh5.googleusercontent.com/p/AF1QipOhWTvXWsbe0OW9fe_o4QpxeIvgkWKGVV61rgCm=w408-h544-k-no,false,39.75556249999998,-86.24231250000001,"https://www.google.com/maps/search/food+truck/@39.8279126,-86.1981034,12.24z?entry=ttu",2023-10-12T00:49:35.931Z,,
https://www.google.com/maps/place/Taqueria+Los+Manteles/data=!4m7!3m6!1s0x886b5786785c8989:0x81072026360a3174!8m2!3d39.7606801!4d-86.2239924!16s%2Fg%2F11cjj5l1d8!19sChIJiYlceIZXa4gRdDEKNiYgB4E,Taqueria Los Manteles,3.9,10,,Mexican restaurant,· Dine-in · Takeout · Delivery,"3749 W Washington St, Indianapolis, IN 46241","QQ6G+7C Indianapolis, Indiana",,(317) 986-5453,11 AM–10 PM,11 AM–10 PM,11 AM–10 PM,11 AM–10 PM,11 AM–10 PM,11 AM–10 PM,11 AM–10 PM,Open now,https://streetviewpixels-pa.googleapis.com/v1/thumbnail?panoid=1TrzL-tW67HaEqQ9mNYc3g&cb_client=search.gws-prod.gps&w=408&h=240&yaw=135.76433&pitch=0&thumbfov=100,false,39.7606875,-86.22393749999999,"https://www.google.com/maps/search/food+truck/@39.8279126,-86.1981034,12.24z?entry=ttu",2023-10-12T00:49:40.769Z,,
https://www.google.com/maps/place/El+Chivo+Jaliciense+Taqueria+y+Birrieria/data=!4m7!3m6!1s0x886b51aeb65b5cd1:0x3c06a7310bafcb99!8m2!3d39.7696388!4d-86.0983185!16s%2Fg%2F11nn1qch6c!19sChIJ0Vxbtq5Ra4gRmcuvCzGnBjw,El Chivo Jaliciense Taqueria y Birrieria,4.2,121,,Mexican restaurant,· Dine-in · Takeout · Delivery,"4002 E Washington St, Indianapolis, IN 46201","QW92+VM Indianapolis, Indiana",https://elchivojaliciensetaqueriain.com/,(317) 742-2825,10 AM–8 PM,10 AM–8 PM,10 AM–8 PM,10 AM–8 PM,10 AM–6 PM,10 AM–8 PM,Closed,Closed,https://lh5.googleusercontent.com/p/AF1QipMWyx2AfwMmlcC1gzPFp9MlxQRE3A4wEtJ2cI3c=w508-h240-k-no,true,39.76968750000002,-86.09831249999999,"https://www.google.com/maps/search/food+truck/@39.8279126,-86.1981034,12.24z?entry=ttu",2023-10-12T00:49:44.783Z,Identifies as women-owned,
https://www.google.com/maps/place/Indy+Tacos/data=!4m7!3m6!1s0x886b5237704d9cd3:0xae4a9bc28707370!8m2!3d39.8520371!4d-86.1249903!16s%2Fg%2F11b7q1r2sx!19sChIJ05xNcDdSa4gRcHNwKLyp5Ao,Indy Tacos,4.5,575,$,Mexican restaurant,· Dine-in · Takeout · Delivery,"2196 E 54th St, Indianapolis, IN 46220","VV2G+R2 Indianapolis, Indiana",,(317) 929-1424,11 AM–8 PM,11 AM–8 PM,11 AM–8 PM,11 AM–8 PM,12–8 PM,11 AM–8 PM,11 AM–8 PM,Closed,https://lh5.googleusercontent.com/p/AF1QipOxmFrgQw--GqkDGUMJ4NVGiINViVhmNjQ9EYbK=w408-h306-k-no,true,39.8520625,-86.1249375,"https://www.google.com/maps/search/food+truck/@39.8279126,-86.1981034,12.24z?entry=ttu",2023-10-12T00:49:48.608Z,,
https://www.google.com/maps/place/Halftime+Indy/data=!4m7!3m6!1s0x886b4fc6ccb224a3:0x793893c57399687e!8m2!3d39.8310199!4d-86.0652507!16s%2Fg%2F11qh30gytw!19sChIJoySyzMZPa4gRfmiZc8WTOHk,Halftime Indy,,,,Restaurant,· Drive-through · Delivery,"Corner Of 41st &, 4056 N Arlington Ave, Indianapolis, IN 46226","RWJM+CV Indianapolis, Indiana",https://foodtruck.pub/order/menu.aspx?busid=7210,(317) 983-0005,Closed,5–10 PM,5–10 PM,11 AM–11 PM,11 AM–10 PM,5–10 PM,Closed,Closed today,https://lh5.googleusercontent.com/p/AF1QipNZDJP2EFwTWyLT7xNydcX1-OsvnZH7qVzopb1v=w408-h544-k-no,true,39.831062500000016,-86.06531249999999,"https://www.google.com/maps/search/food+truck/@39.8279126,-86.1981034,12.24z?entry=ttu",2023-10-12T00:49:52.592Z,,
https://www.google.com/maps/place/TACOS+46/data=!4m7!3m6!1s0x886ca9c5bb90b929:0x5d26890c6421af73!8m2!3d39.8105556!4d-86.2697222!16s%2Fg%2F1pp2v0jjm!19sChIJKbmQu8WpbIgRc68hZAyJJl0,TACOS 46,4.4,1412,$,Mexican restaurant,· Dine-in · Takeout · Delivery,"3089 N High School Rd, Indianapolis, IN 46224","RP6J+64 Indianapolis, Indiana",https://www.facebook.com/pages/Tacos-46/648213365205798,(317) 728-1303,10 AM–8 PM,10 AM–8 PM,10 AM–8 PM,10 AM–8 PM,11 AM–6 PM,10 AM–8 PM,10 AM–8 PM,Closed,https://lh5.googleusercontent.com/p/AF1QipMbLmvy8xTmFs_MyxpH8N5Hh6Sp3Id0DprbnACa=w507-h240-k-no,true,39.81056249999999,-86.2696875,"https://www.google.com/maps/search/food+truck/@39.8279126,-86.1981034,12.24z?entry=ttu",2023-10-12T00:49:56.415Z,,
https://www.google.com/maps/place/Taqueria+Don+Luis/data=!4m7!3m6!1s0x886b5668163a85e1:0xf59c14f6830f406f!8m2!3d39.8181795!4d-86.227235!16s%2Fg%2F11cs1lc39g!19sChIJ4YU6FmhWa4gRb0APg_YUnPU,Taqueria Don Luis,4.5,74,$$,Mexican restaurant,· Dine-in · Takeout · Delivery,"3605 Commercial Dr, Indianapolis, IN 46222","RQ9F+74 Indianapolis, Indiana",http://ordertaqueriadonluis.com/,(317) 874-5481,10 AM–9 PM,10 AM–9 PM,10 AM–9 PM,10 AM–9 PM,10 AM–9 PM,10 AM–9 PM,10 AM–9 PM,Closing soon,https://lh5.googleusercontent.com/p/AF1QipM-yRbZs2oPWQ2Qfeo0ptI3UiZm49Jqg_n706ax=w408-h544-k-no,false,39.818187500000036,-86.22718750000001,"https://www.google.com/maps/search/food+truck/@39.8279126,-86.1981034,12.24z?entry=ttu",2023-10-12T00:50:00.276Z,,
https://www.google.com/maps/place/Mr+%26+Mrs+Hot+Dog+Stand/data=!4m7!3m6!1s0x886b455b1cbc504d:0x7760e85e32fbb8e1!8m2!3d39.721511!4d-86.0863762!16s%2Fg%2F11jn41d_d5!19sChIJTVC8HFtFa4gR4bj7Ml7oYHc,Mr & Mrs Hot Dog Stand,3.0,3,$,Hot dog stand,· Drive-through · No-contact delivery,"403 Main St, Beech Grove, IN 46107","PWC7+JC Beech Grove, Indiana",http://mrandmrshotdogstand.com/,(317) 506-0992,,,,,,,,,https://lh5.googleusercontent.com/p/AF1QipPdAxmViENq1kvy9vTnbGvuvnxIpNEVlHq0Hog0=w426-h240-k-no,true,39.72156249999999,-86.08643749999999,"https://www.google.com/maps/search/food+truck/@39.8279126,-86.1981034,12.24z?entry=ttu",2023-10-12T00:50:05.156Z,,
https://www.google.com/maps/place/Dashboard+Food+Truck+%26+Catering/data=!4m7!3m6!1s0x886b5d5dbedeaeb7:0xca910ab2061cf773!8m2!3d39.6134518!4d-86.1094849!16s%2Fg%2F11t6htbd94!19sChIJt67evl1da4gRc_ccBrIKkco,Dashboard Food Truck & Catering,5.0,2,,Restaurant,· Dine-in · Takeout,"299 West Main Street, Greenwood, IN 46142","JV7R+96 Greenwood, Indiana",http://dashboardfoodtruck.com/,(317) 790-9227,,,,,,,,,https://lh5.googleusercontent.com/p/AF1QipP33KHF7ECbjnII11FsfFWzrqsLPK7yJXfPCELm=w426-h240-k-no,false,39.61343749999999,-86.1094375,"https://www.google.com/maps/search/food+truck/@39.8279126,-86.1981034,12.24z?entry=ttu",2023-10-12T00:50:09.162Z,,
https://www.google.com/maps/place/Gulas+food+truck/data=!4m7!3m6!1s0x886b513e4eca9f7d:0x864d252a68b2543f!8m2!3d39.7696884!4d-86.0983608!16s%2Fg%2F11ll209tzz!19sChIJfZ_KTj5Ra4gRP1SyaColTYY,Gulas food truck,4.8,13,,Venezuelan restaurant,,"4002 E Washington St, Indianapolis, IN 46201","QW92+VM Indianapolis, Indiana",,(317) 800-2262,,,,,,,,Temporarily closed,https://lh5.googleusercontent.com/p/AF1QipOysUJc17m6_kdBEWzEfze6NgkMBsMP5jEhY0P3=w408-h544-k-no,true,39.76968750000002,-86.09831249999999,"https://www.google.com/maps/search/food+truck/@39.8279126,-86.1981034,12.24z?entry=ttu",2023-10-12T00:50:13.019Z,,
https://www.google.com/maps/place/Taqueria+los+Dos+Hermanos/data=!4m7!3m6!1s0x886b51a655a18d9b:0x6e5e5883b8822945!8m2!3d39.8257863!4d-86.1162329!16s%2Fg%2F11jntpvrlj!19sChIJm42hVaZRa4gRRSmCuINYXm4,Taqueria los Dos Hermanos,4.1,46,,Restaurant,· Dine-in · Takeout · Delivery,"2810 E 38th St, Indianapolis, IN 46218","RVGM+8G Indianapolis, Indiana",http://ordertaquerialosdoshermanos.com/,(317) 974-9446,11 AM–9:30 PM,11 AM–9:30 PM,11 AM–9:30 PM,11 AM–9:30 PM,11 AM–8 PM,11 AM–9:30 PM,11 AM–9:30 PM,Closing soon,https://lh5.googleusercontent.com/p/AF1QipMpTvlJ_fOeigWUvPpT1WU9VONYijSRv8cFb_0w=w408-h544-k-no,false,39.825812500000026,-86.11618750000001,"https://www.google.com/maps/search/food+truck/@39.8279126,-86.1981034,12.24z?entry=ttu",2023-10-12T00:50:17.356Z,,
https://www.google.com/maps/place/El+Rey+Del+Taco/data=!4m7!3m6!1s0x886ca9ee51a1fd1f:0xb07a392afda66395!8m2!3d39.8268002!4d-86.2693896!16s%2Fg%2F11bwh9yks9!19sChIJH_2hUe6pbIgRlWOm_So5erA,El Rey Del Taco,3.6,592,$,Mexican restaurant,· Dine-in · Takeout · Delivery,"3935 N High School Rd, Indianapolis, IN 46254","RPGJ+P6 Indianapolis, Indiana",https://m.facebook.com/pages/El-Rey-Del-Taco/115181491838721,(317) 329-1528,9 AM–2 AM,9 AM–6 AM,9 AM–6 AM,9 AM–6 AM,9 AM–6 AM,9 AM–2 AM,9 AM–2 AM,Open now,https://lh5.googleusercontent.com/p/AF1QipPg8sJ-6li5eWgjLnyN69XCJRoajmNKWXmnP9Ho=w408-h544-k-no,true,39.8268125,-86.2694375,"https://www.google.com/maps/search/food+truck/@39.8279126,-86.1981034,12.24z?entry=ttu",2023-10-12T00:50:21.251Z,,
https://www.google.com/maps/place/El+Taco+Acorazado/data=!4m7!3m6!1s0x886b572802ae9dad:0x795f247a7a15f03c!8m2!3d39.8020992!4d-86.2134862!16s%2Fg%2F11g0tl02q7!19sChIJrZ2uAihXa4gRPPAVenokX3k,El Taco Acorazado,4.4,172,,Taco restaurant,· Dine-in · Takeout · Delivery,"2440 Lafayette Rd suite A2, Indianapolis, IN 46222","RQ2P+RJ Indianapolis, Indiana",http://el-taco-acorazado.paqe.io/,(317) 438-2663,11 AM–4 PM,11 AM–9 PM,11 AM–9 PM,11 AM–9 PM,11 AM–8 PM,11 AM–9 PM,11 AM–9 PM,Closed,https://lh5.googleusercontent.com/p/AF1QipPjg_TfMz-7cntLAa86El27zwvuU8sw4b1ezp7A=w408-h544-k-no,true,39.80206250000002,-86.21343750000001,"https://www.google.com/maps/search/food+truck/@39.8279126,-86.1981034,12.24z?entry=ttu",2023-10-12T00:50:25.978Z,,
https://www.google.com/maps/place/Tortas+El+Guero/data=!4m7!3m6!1s0x886ca9eeca36a525:0x972a0398bf960e54!8m2!3d39.8244775!4d-86.2707985!16s%2Fg%2F1q69s50rh!19sChIJJaU2yu6pbIgRVA6Wv5gDKpc,Tortas El Guero,4.5,1664,$,Mexican restaurant,"Mexican standards like tacos & burritos turned out in a tiny, unassuming space with counter service. · Dine-in · Takeout · Delivery","3818 N High School Rd, Indianapolis, IN 46254","RPFH+QM Indianapolis, Indiana",https://www.facebook.com/Tortas-El-G%C3%BCero-242808662566665/,(317) 709-2328,11 AM–10 PM,11 AM–10 PM,11 AM–11 PM,11 AM–11 PM,11 AM–10 PM,11 AM–10 PM,11 AM–10 PM,Open now,https://lh5.googleusercontent.com/p/AF1QipNoobyZFfZUnJmbQ8Z0F8J3-pYqfHsWcJmYtHER=w408-h420-k-no,true,39.82443750000003,-86.27081249999999,"https://www.google.com/maps/search/food+truck/@39.8279126,-86.1981034,12.24z?entry=ttu",2023-10-12T00:50:30.432Z,,
https://www.google.com/maps/place/TACO+EXPRESS/data=!4m7!3m6!1s0x886b4c0891fd78b7:0x946c90e485d4b688!8m2!3d39.8423795!4d-86.0156613!16s%2Fg%2F1tmqs32c!19sChIJt3j9kQhMa4gRiLbUheSQbJQ,TACO EXPRESS,4.1,225,$,Restaurant,· Dine-in · Curbside pickup · No-contact delivery,"8626 Pendleton Pike, Indianapolis, IN 46226","RXRM+XP Indianapolis, Indiana",https://www.tacoexpressindy.com/,(317) 895-5455,10 AM–8 PM,10 AM–8 PM,10 AM–8 PM,10 AM–8 PM,Closed,10 AM–8 PM,10 AM–8 PM,Closed,https://lh5.googleusercontent.com/p/AF1QipNuWL0UoUPKAZDHSVzCRZ8o-eGxJWWbCvnj2Pu8=w426-h240-k-no,true,39.8424375,-86.0156875,"https://www.google.com/maps/search/food+truck/@39.8279126,-86.1981034,12.24z?entry=ttu",2023-10-12T00:50:34.327Z,,
https://www.google.com/maps/place/La+Familia/data=!4m7!3m6!1s0x886b5b5ab10bae7b:0x75e7d8cc25ad93e1!8m2!3d39.7219385!4d-86.1535994!16s%2Fg%2F11sn3f1dv4!19sChIJe64LsVpba4gR4ZOtJczY53U,La Familia,4.6,17,$,Mexican restaurant,· Dine-in · Takeout · Delivery,"309 Troy Ct, Indianapolis, IN 46227","PRCW+QH Indianapolis, Indiana",,,11 AM–11 PM,11 AM–11 PM,11 AM–11 PM,11 AM–11 PM,Closed,11 AM–11 PM,11 AM–11 PM,Open now,https://lh5.googleusercontent.com/p/AF1QipP3PUH9aeBcXK-T9yWgMdJGvN9ape57JaPu98PE=w408-h544-k-no,false,39.72193750000001,-86.1535625,"https://www.google.com/maps/search/food+truck/@39.8279126,-86.1981034,12.24z?entry=ttu",2023-10-12T00:50:38.069Z,,
https://www.google.com/maps/place/Dos+Hombres/data=!4m7!3m6!1s0x886b51a1f53d02c1:0x69097afd5789c1db!8m2!3d39.7663056!4d-86.1592124!16s%2Fg%2F11h3nfx2s0!19sChIJwQI99aFRa4gR28GJV_16CWk,Dos Hombres,3.3,56,,Mexican restaurant,· Dine-in · Takeout · Delivery,"49 W Maryland St, Indianapolis, IN 46204","QR8R+G8 Indianapolis, Indiana",,,,,,,,,,,https://lh5.googleusercontent.com/p/AF1QipNZ6PEUY51T9TkH7l-A4Si90r6pQnyAb9LbOFzH=w408-h258-k-no,false,39.766312499999984,-86.1591875,"https://www.google.com/maps/search/food+truck/@39.8279126,-86.1981034,12.24z?entry=ttu",2023-10-12T00:50:42.366Z,,
https://www.google.com/maps/place/La+5th+Isabels+Tacos/data=!4m7!3m6!1s0x886b5be7d0862907:0x742ade46dc7bd90e!8m2!3d39.7449384!4d-86.1301521!16s%2Fg%2F11j0j08cw5!19sChIJBymG0Odba4gRDtl73EbeKnQ,La 5th Isabels Tacos,4.5,232,$,Mexican restaurant,"Basic joint offering Mexican staples, including tacos, burritos, nachos & quesadillas. · Dine-in · Curbside pickup · No-contact delivery","1707 1711 E Minnesota St, Indianapolis, IN 46203","PVV9+XW Indianapolis, Indiana",https://la5thtacosin.com/,(317) 602-5080,11 AM–9 PM,11 AM–9:30 PM,11 AM–10 PM,11 AM–10 PM,2–9 PM,2–9 PM,2–9 PM,Closing soon,https://lh5.googleusercontent.com/p/AF1QipPAiwoViimdr1u3Ug6d1rky1JNZ_3IFin7d1MCy=w408-h408-k-no,true,39.74493749999998,-86.1301875,"https://www.google.com/maps/search/food+truck/@39.8279126,-86.1981034,12.24z?entry=ttu",2023-10-12T00:50:46.977Z,Identifies as women-owned,
https://www.google.com/maps/place/Tienda+y+Taqueria+La+Familia/data=!4m7!3m6!1s0x886ca9e97b1a6d15:0xac9763d0c12640e9!8m2!3d39.8218288!4d-86.2712226!16s%2Fg%2F11hd64td7z!19sChIJFW0ae-mpbIgR6UAmwdBjl6w,Tienda y Taqueria La Familia,4.4,12,,Mexican restaurant,· Dine-in · Takeout · Delivery,"6340 W 37th St, Indianapolis, IN 46224","RPCH+PG Indianapolis, Indiana",,(317) 495-1844,9 AM–9 PM,9 AM–9 PM,9 AM–9 PM,9 AM–10 PM,9 AM–10 PM,9 AM–9 PM,9 AM–9 PM,Closing soon,https://lh5.googleusercontent.com/p/AF1QipNiIp5jzeZsWWtlY4eJPMDcZAEpsSHxaLi7Jyy6=w408-h544-k-no,false,39.82181250000001,-86.2711875,"https://www.google.com/maps/search/food+truck/@39.8279126,-86.1981034,12.24z?entry=ttu",2023-10-12T00:50:50.869Z,,
https://www.google.com/maps/place/Mr.+%26+Mrs.+Hotdog+Stand/data=!4m7!3m6!1s0x886b51c4f9ac1a23:0xcad18cbafd8ae39c!8m2!3d39.7665145!4d-86.170606!16s%2Fg%2F11h1m3m417!19sChIJIxqs-cRRa4gRnOOK_bqM0co,Mr. & Mrs. Hotdog Stand,4.6,9,,Hot dog stand,,"801 W Washington St, Indianapolis, IN 46204","QR8H+JQ Indianapolis, Indiana",http://mrandmrshotdogstand.com/,(317) 640-8279,Closed,Closed,11 AM–8 PM,11 AM–8 PM,11 AM–8 PM,Closed,Closed,Temporarily closed,https://lh5.googleusercontent.com/p/AF1QipMvg6whLrmgxC_OLDnyhyTFX4JmQHCQsSc_A4o-=w408-h816-k-no,true,39.76656249999998,-86.1705625,"https://www.google.com/maps/search/food+truck/@39.8279126,-86.1981034,12.24z?entry=ttu",2023-10-12T00:50:54.962Z,,
https://www.google.com/maps/place/Snack+shack/data=!4m7!3m6!1s0x886b570cfe4887e7:0x90646f243b1ab3c!8m2!3d39.8012781!4d-86.1874085!16s%2Fg%2F11qnj8q1r0!19sChIJ54dI_gxXa4gRPKuxQ_JGBgk,Snack shack,,,,American restaurant,,"2405 N Harding St, Indianapolis, IN 46208","RR27+G2 Indianapolis, Indiana",,(317) 657-1773,3–9 PM,3–9 PM,3–9 PM,3–9:30 PM,3–9 PM,3 PM–9 AM,3–9 PM,Temporarily closed,https://lh5.googleusercontent.com/p/AF1QipOVsCyJc4L4IzO4x0Dyr9uQxO7RfFpZ8RCU15BO=w408-h724-k-no,false,39.80131250000001,-86.1874375,"https://www.google.com/maps/search/food+truck/@39.8279126,-86.1981034,12.24z?entry=ttu",2023-10-12T00:50:58.865Z,,
https://www.google.com/maps/place/Paco%27s+Taqueria/data=!4m7!3m6!1s0x886b5227af87318f:0x637e6ef7954ef515!8m2!3d39.8363004!4d-86.1222361!16s%2Fg%2F11xy19ylj!19sChIJjzGHrydSa4gRFfVOlfdufmM,Paco's Taqueria,4.1,1797,$,Mexican restaurant,"Colorful counter-serve offering familiar Mexican bites such as tacos, burritos & enchiladas. · Dine-in · Takeout · No-contact delivery","4390 N Keystone Ave, Indianapolis, IN 46205","RVPH+G4 Indianapolis, Indiana",http://www.pacostaquerias.com/,(317) 377-4132,9 AM–10 PM,9 AM–10 PM,9 AM–10 PM,9 AM–10 PM,9 AM–10 PM,9 AM–10 PM,9 AM–10 PM,Open now,https://lh5.googleusercontent.com/p/AF1QipPNealzKNcEAbRuqJVAAUATM0G9H8GHdibksOPV=w426-h240-k-no,true,39.836312500000005,-86.12218750000001,"https://www.google.com/maps/search/food+truck/@39.8279126,-86.1981034,12.24z?entry=ttu",2023-10-12T00:51:02.716Z,LGBTQ+ friendly,
https://www.google.com/maps/place/King+Gyro+Food+Truck-+Emerson+Avenue/data=!4m7!3m6!1s0x886b43beda49e899:0xea11341ddff66768!8m2!3d39.6637097!4d-86.0845258!16s%2Fg%2F11l1mvj_dl!19sChIJmehJ2r5Da4gRaGf23x00Eeo,King Gyro Food Truck- Emerson Avenue,5.0,5,,Restaurant,· Dine-in · Takeout,"7140 S Emerson Ave, Indianapolis, IN 46237","MW78+F5 Indianapolis, Indiana",,(347) 666-3796,10 AM–10 PM,10 AM–10 PM,10 AM–11 PM,10 AM–11 PM,10 AM–10 PM,10 AM–10 PM,10 AM–10 PM,Open now,https://lh5.googleusercontent.com/p/AF1QipPZ31c0tzV7LqAOq9rWqSD6NQCYeNCJAhgwqAME=w408-h291-k-no,true,39.663687499999995,-86.08456249999999,"https://www.google.com/maps/search/food+truck/@39.8279126,-86.1981034,12.24z?entry=ttu",2023-10-12T00:51:06.857Z,,
https://www.google.com/maps/place/Good+Vegan+Bad+Vegan/data=!4m7!3m6!1s0x886b5718807e853f:0xcee9360b984f0247!8m2!3d39.8011154!4d-86.1873934!16s%2Fg%2F11s7cq1dw7!19sChIJP4V-gBhXa4gRRwJPmAs26c4,Good Vegan Bad Vegan,4.8,55,$$,Restaurant,· Dine-in · Curbside pickup · No-contact delivery,"2401 N Harding St, Indianapolis, IN 46208","RR27+C2 Indianapolis, Indiana",https://good-vegan-bad-vegan.web.app/,(317) 969-2011,Closed,11 AM–6 PM,4–8 PM,11 AM–6 PM,12–6 PM,Closed,Closed,Closed today,https://lh5.googleusercontent.com/p/AF1QipNlRgOv-3Erfp-lzteS_D_A9Nxw6VO4boyEUcRf=w408-h544-k-no,true,39.801062500000015,-86.1874375,"https://www.google.com/maps/search/food+truck/@39.8279126,-86.1981034,12.24z?entry=ttu",2023-10-12T00:51:11.738Z,,
https://www.google.com/maps/place/Taqueria+El+Gallo/data=!4m7!3m6!1s0x886b5b3cda5c1f09:0xc8c86881cbebd8c3!8m2!3d39.7665173!4d-86.1965205!16s%2Fg%2F11q9rfz8tw!19sChIJCR9c2jxba4gRw9jry4FoyMg,Taqueria El Gallo,4.5,8,,Taco restaurant,· Dine-in · Curbside pickup · Delivery,"2030 W Washington St, Indianapolis, IN 46222","QR83+J9 Indianapolis, Indiana",,(317) 679-7861,5–11 PM,5–11 PM,5 PM–1 AM,5 PM–1 AM,5–11 PM,5–11 PM,5–11 PM,Open now,https://lh5.googleusercontent.com/p/AF1QipM4Kv3DHVHb_znoBonlQCyt-xbwnckr1EJXnek=w408-h269-k-no,true,39.76656249999998,-86.19656250000001,"https://www.google.com/maps/search/food+truck/@39.8279126,-86.1981034,12.24z?entry=ttu",2023-10-12T00:51:15.407Z,,
https://www.google.com/maps/place/TAQUERIA+EL+CIELO/data=!4m7!3m6!1s0x886b5524dc77c06d:0xf4e1b415b4ffbf06!8m2!3d39.8625313!4d-86.1982376!16s%2Fg%2F11rd_8ygfm!19sChIJbcB33CRVa4gRBr__tBW04fQ,TAQUERIA EL CIELO,4.8,9,,Fast food restaurant,,"6003 Michigan Rd, Indianapolis, IN 46228","VR72+2P Indianapolis, Indiana",,(317) 832-8600,6:30–10 PM,6:30–10 PM,6:30 PM–12 AM,6:30 PM–12 AM,Closed,Closed,Closed,Temporarily closed,https://lh5.googleusercontent.com/p/AF1QipPeVBvl2Jt-UJaSXAorcsIdBA4XsIbV-KKqZz7R=w408-h491-k-no,true,39.86256249999998,-86.1981875,"https://www.google.com/maps/search/food+truck/@39.8279126,-86.1981034,12.24z?entry=ttu",2023-10-12T00:51:19.738Z,Identifies as Latino-owned,
https://www.google.com/maps/place/Pa+%26+Ma%27s+Backyard+BBQ/data=!4m7!3m6!1s0x886b51ff0e56f7bf:0x24dc7e6438e11240!8m2!3d39.8194171!4d-86.1446079!16s%2Fg%2F11l4p53f71!19sChIJv_dWDv9Ra4gRQBLhOGR-3CQ,Pa & Ma's Backyard BBQ,4.4,266,,Barbecue restaurant,· Dine-in · Takeout · Delivery,"3469 N College Ave, Indianapolis, IN 46205","RV94+Q5 Indianapolis, Indiana",https://www.facebook.com/pamasbackyardbbq,(317) 835-1695,12–5 PM,12–8 PM,12–8 PM,12–8 PM,12–8 PM,12–8 PM,12–8 PM,Closed,https://lh5.googleusercontent.com/p/AF1QipO1xPeFlZ0ufyP1L7gAZEF5uss5tidF-d0VDpSy=w473-h240-k-no,true,39.819437500000035,-86.1445625,"https://www.google.com/maps/search/food+truck/@39.8279126,-86.1981034,12.24z?entry=ttu",2023-10-12T00:51:23.754Z,,
https://www.google.com/maps/place/Leonardo%27s+Mexican+Food/data=!4m7!3m6!1s0x886b5525e4ef8b95:0x17e093236988e804!8m2!3d39.909099!4d-86.220808!16s%2Fg%2F12qh6bclw!19sChIJlYvv5CVVa4gRBOiIaSOT4Bc,Leonardo's Mexican Food,4.1,935,$,Mexican restaurant,· Dine-in · Drive-through · Delivery,"8431 N Michigan Rd, Indianapolis, IN 46268","WQ5H+JM Indianapolis, Indiana",,(317) 337-9022,Open 24 hours,Open 24 hours,Open 24 hours,Open 24 hours,Open 24 hours,Open 24 hours,Open 24 hours,Open now,https://lh5.googleusercontent.com/p/AF1QipMcoukBUKrybnZGIHJC8QUN7Jet2f47FF16eLj_=w408-h306-k-no,true,39.90906249999999,-86.2208125,"https://www.google.com/maps/search/food+truck/@39.8279126,-86.1981034,12.24z?entry=ttu",2023-10-12T00:51:27.590Z,,
https://www.google.com/maps/place/Taco+and+Burrito+Place/data=!4m7!3m6!1s0x886b5188dba8d0c7:0xf7b623525a7f12ce!8m2!3d39.8300161!4d-86.1221985!16s%2Fg%2F1tltn382!19sChIJx9Co24hRa4gRzhJ_WlIjtvc,Taco and Burrito Place,4.6,890,$,Mexican restaurant,· Dine-in · Curbside pickup · Delivery,"4102 N Keystone Ave, Indianapolis, IN 46205","RVJH+24 Indianapolis, Indiana",,(317) 546-3420,11 AM–8 PM,11 AM–8 PM,11 AM–8 PM,11:30 AM–8 PM,Closed,11 AM–8 PM,11 AM–8 PM,Closed,https://lh5.googleusercontent.com/p/AF1QipMf2zuBGHqw7A_9eC1q8TgQzoQzEzBTWRBAK9AU=w408-h544-k-no,true,39.83006250000001,-86.12218750000001,"https://www.google.com/maps/search/food+truck/@39.8279126,-86.1981034,12.24z?entry=ttu",2023-10-12T00:51:32.630Z,,
https://www.google.com/maps/place/Mr.Zuliano21+Food+Truck/data=!4m7!3m6!1s0x8814b75200957e5d:0x1e0d907efddbbdc6!8m2!3d40.0390327!4d-85.9965681!16s%2Fg%2F11l1ngqnsd!19sChIJXX6VAFK3FIgRxr3b_X6QDR4,Mr.Zuliano21 Food Truck,4.5,2,,Venezuelan restaurant,· Dine-in · Takeout,"2375 Pleasant St, Noblesville, IN 46060","22Q3+J9 Noblesville, Indiana",https://instagram.com/mr.zuliano21?igshid=OGQ5ZDc2ODk2ZA==,(317) 779-9798,Closed,5–10 PM,5–10 PM,5–10 PM,5–10 PM,Closed,Closed,Closed today,https://streetviewpixels-pa.googleapis.com/v1/thumbnail?panoid=T17xOxf6KOd4AFYghwwd2g&cb_client=search.gws-prod.gps&w=408&h=240&yaw=194.3527&pitch=0&thumbfov=100,false,40.039062499999986,-85.99656250000001,"https://www.google.com/maps/search/food+truck/@39.8279126,-86.1981034,12.24z?entry=ttu",2023-10-12T00:51:36.533Z,,
https://www.google.com/maps/place/Taqueria+El+Imperio+Del+Rey+USA/data=!4m7!3m6!1s0x886b55ad2fe2e8d3:0x717e024029e103b2!8m2!3d39.9122322!4d-86.2161012!16s%2Fg%2F11pv0qq80n!19sChIJ0-jiL61Va4gRsgPhKUACfnE,Taqueria El Imperio Del Rey USA,4.9,19,,Restaurant,· Dine-in · Takeout · Delivery,"3250 W 86th St, Indianapolis, IN 46268","WQ6M+VH Indianapolis, Indiana",http://www.facebook.com/elimperiodelrey3,(317) 832-6549,,,,,,,,,https://lh5.googleusercontent.com/p/AF1QipPKbIzGk1G20mW-JQy4VOCEQsmAgLj60lqN1iWq=w426-h240-k-no,true,39.9121875,-86.2160625,"https://www.google.com/maps/search/food+truck/@39.8279126,-86.1981034,12.24z?entry=ttu",2023-10-12T00:51:40.553Z,LGBTQ+ friendly,
https://www.google.com/maps/place/KIA%27S+EATS/data=!4m7!3m6!1s0x886b515b2e2c58d5:0xa2e9ace94471e1cb!8m2!3d39.8195206!4d-86.1279145!16s%2Fg%2F11mc0pvx4b!19sChIJ1VgsLltRa4gRy-FxROms6aI,KIA'S EATS,5.0,8,,Self service restaurant,,"3449 Orchard Ave, Indianapolis, IN 46218","RV9C+RR Indianapolis, Indiana",,(618) 975-3323,,,,,,,,Temporarily closed,https://lh5.googleusercontent.com/p/AF1QipNlTF6He7k2OX333enUtwICUCj0bR1t8akB7gG4=w408-h408-k-no,true,39.81956250000003,-86.12793750000002,"https://www.google.com/maps/search/food+truck/@39.8279126,-86.1981034,12.24z?entry=ttu",2023-10-12T00:51:44.726Z,Identifies as veteran-owned,true
https://www.google.com/maps/place/Greiner%27s+SubShop/data=!4m7!3m6!1s0x886b5a647385f019:0x868dda09e4248c4a!8m2!3d39.7387886!4d-86.140068!16s%2Fg%2F1hc5pz8h5!19sChIJGfCFc2Raa4gRSowk5AnajYY,Greiner's SubShop,4.1,674,$,Sandwich shop,· Dine-in · Takeout · Delivery,"2126 Shelby St, Indianapolis, IN 46203","PVQ5+GX Indianapolis, Indiana",,(317) 783-4136,11 AM–7 PM,11 AM–7 PM,11 AM–7 PM,11 AM–7 PM,Closed,11 AM–7 PM,11 AM–7 PM,Closed,https://lh5.googleusercontent.com/p/AF1QipO_DMvk-dJgx3DXcXtvnjj2LFDWx-_SjTKoTsoJ=w408-h272-k-no,true,39.73881249999998,-86.14006250000001,"https://www.google.com/maps/search/food+truck/@39.8279126,-86.1981034,12.24z?entry=ttu",2023-10-12T00:51:48.777Z,,
https://www.google.com/maps/place/Karma+Kitchen+Food+Truck/data=!4m7!3m6!1s0x8814dbb824f38473:0x2ffaec41e95ce253!8m2!3d40.1175886!4d-85.7068152!16s%2Fg%2F11c1vj_m2m!19sChIJc4TzJLjbFIgRU-Jc6UHs-i8,Karma Kitchen Food Truck,4.4,18,,Takeout Restaurant,· Takeout · Delivery,"210 Longwood Ave, Anderson, IN 46011","479V+27 Anderson, Indiana",,(765) 623-2476,,,,,,,,,https://lh5.googleusercontent.com/p/AF1QipNWrNcps1DrVemV7d21FcDQqnDOqOTc2CKlx3oT=w426-h240-k-no,true,40.117562500000005,-85.7068125,"https://www.google.com/maps/search/food+truck/@39.8279126,-86.1981034,12.24z?entry=ttu",2023-10-12T00:51:53.318Z,,
https://www.google.com/maps/place/SouthPaw+Soul+Kitchen/data=!4m7!3m6!1s0x886b515059ae77e5:0x8d4d46d261170312!8m2!3d39.8171881!4d-86.1494697!16s%2Fg%2F11s5zh4stt!19sChIJ5XeuWVBRa4gREgMXYdJGTY0,SouthPaw Soul Kitchen,4.5,79,$$,American restaurant,· Dine-in · Takeout · Delivery,"3351 Central Ave, Indianapolis, IN 46205","RV82+V6 Indianapolis, Indiana",,(317) 974-9349,11 AM–7 PM,11 AM–7 PM,11 AM–10 PM,2–10 PM,1–7 PM,Closed,Closed,Closed,https://lh5.googleusercontent.com/p/AF1QipMSTLIiIB3PK-jOmy_VUCaPHo2AzxqXVTlWhWcN=w408-h544-k-no,true,39.8171875,-86.1494375,"https://www.google.com/maps/search/food+truck/@39.8279126,-86.1981034,12.24z?entry=ttu",2023-10-12T00:51:57.756Z,,
https://www.google.com/maps/place/R%26R+Extreme+Wings-+Keystone/data=!4m7!3m6!1s0x886b52270f80a94f:0x637b3312f5e08180!8m2!3d39.8362886!4d-86.1213618!16s%2Fg%2F11bxgm6lxs!19sChIJT6mADydSa4gRgIHg9RIze2M,R&R Extreme Wings- Keystone,4.4,1012,$,Restaurant,· Dine-in · Takeout · No-contact delivery,"4361 N Keystone Ave, Indianapolis, IN 46205","RVPH+GF Indianapolis, Indiana",http://rrextremewings.com/,(317) 377-4490,11 AM–8 PM,11 AM–8 PM,11 AM–9 PM,12–9 PM,Closed,11 AM–8 PM,11 AM–8 PM,Closed,https://lh5.googleusercontent.com/p/AF1QipNoBbq5T-EPsKdTvL3_Yv4ZDde68tnpHyu-INuZ=w408-h306-k-no,true,39.83625000000001,-86.12125,"https://www.google.com/maps/search/food+truck/@39.8279126,-86.1981034,12.24z?entry=ttu",2023-10-12T00:52:01.727Z,,
https://www.google.com/maps/place/LALA%27S+CAFE/data=!4m7!3m6!1s0x886b5716373a5e5f:0x5d226f3a3b4f7ff!8m2!3d39.7662139!4d-86.199839!16s%2Fg%2F11f892sql5!19sChIJX146NxZXa4gR__e0o_Mm0gU,LALA'S CAFE,4.5,146,,Mexican restaurant,· Dine-in · Takeout · Delivery,"2236 W Washington St, Indianapolis, IN 46222","QR82+F3 Indianapolis, Indiana",,(317) 929-1770,8 AM–3 PM,8 AM–3 PM,8 AM–3 PM,8 AM–3 PM,9 AM–3 PM,8 AM–3 PM,Closed,Closed,https://lh5.googleusercontent.com/p/AF1QipP2RMfIGt3yTgfZN53O1JiK5RjZdq7W7KgzSLoN=w408-h306-k-no,true,39.76618749999999,-86.19981250000001,"https://www.google.com/maps/search/food+truck/@39.8279126,-86.1981034,12.24z?entry=ttu",2023-10-12T00:52:05.837Z,,
https://www.google.com/maps/place/ClusterTruck+-+Carmel/data=!4m7!3m6!1s0x8814ad99f5931963:0xcb037f841724933e!8m2!3d39.9627342!4d-86.1254246!16s%2Fg%2F11j3wynh50!19sChIJYxmT9ZmtFIgRPpMkF4R_A8s,ClusterTruck - Carmel,4.9,307,,Delivery Restaurant,,"1217 S Rangeline Rd, Carmel, IN 46032","XV7F+3R Carmel, Indiana",https://carmel.clustertruck.com/menu?utm_source=google%20my%20business&utm_medium=search%20listing,(317) 689-0294,10 AM–9 PM,10 AM–9 PM,10 AM–9 PM,10 AM–9 PM,10 AM–9 PM,10 AM–9 PM,10 AM–9 PM,Temporarily closed,https://lh5.googleusercontent.com/p/AF1QipNSLf9iyBxWEnYyESm_rm4ZS0knhx6JOYDI4QY_=w408-h272-k-no,true,39.96268749999997,-86.12543750000002,"https://www.google.com/maps/search/food+truck/@39.8279126,-86.1981034,12.24z?entry=ttu",2023-10-12T00:52:10.368Z,,
https://www.google.com/maps/place/Condado+Tacos/data=!4m7!3m6!1s0x886b53adb5342381:0xce8b77588b66fc24!8m2!3d39.8698758!4d-86.1435533!16s%2Fg%2F11f771hdk2!19sChIJgSM0ta1Ta4gRJPxmi1h3i84,Condado Tacos,4.5,1771,$,Taco restaurant,· Dine-in · Takeout · No-contact delivery,"838 Broad Ripple Ave, Indianapolis, IN 46220","VV94+XH Indianapolis, Indiana",https://locations.condadotacos.com/in/838-broad-ripple-ave?utm_source=GMB&utm_medium=organic&utm_campaign=gmb-listing,(463) 206-2768,,,,,,,,,https://lh5.googleusercontent.com/p/AF1QipMMI-i2Ay5ds_JeWHvIKJ65p9rFRYMHAr0XAVRm=w408-h306-k-no,true,39.869937500000006,-86.14356250000002,"https://www.google.com/maps/search/food+truck/@39.8279126,-86.1981034,12.24z?entry=ttu",2023-10-12T00:52:15.052Z,LGBTQ+ friendly,
https://www.google.com/maps/place/Mota+Tacos/data=!4m7!3m6!1s0x886ca7e46aac8c81:0xfe0f2c4564432a83!8m2!3d39.7038792!4d-86.2580977!16s%2Fg%2F11v63dybmk!19sChIJgYysauSnbIgRgypDZEUsD_4,Mota Tacos,5.0,71,$,Taco restaurant,· Dine-in · Takeout · Delivery,"4375 Kentucky Ave, Indianapolis, IN 46221","PP3R+HQ Indianapolis, Indiana",https://www.motatacos.com/?utm_source=google&utm_medium=wix_google_business_profile&utm_campaign=12769473471249725487,(317) 830-8470,9 AM–10 PM,9 AM–10 PM,9 AM–10 PM,9 AM–10 PM,11 AM–9 PM,9 AM–10 PM,9 AM–10 PM,Open now,https://lh5.googleusercontent.com/p/AF1QipPqTegsFPnVqCmZyp7fGQGQv3hixaseoQdwG5pv=w408-h306-k-no,true,39.70393749999998,-86.2580625,"https://www.google.com/maps/search/food+truck/@39.8279126,-86.1981034,12.24z?entry=ttu",2023-10-12T00:52:19.215Z,Identifies as Latino-owned,